MedInc,HouseAge,AveRooms,AveBedrms,Population,AveOccup,Latitude,Longitude,MidianHouseValue
-0.27877631514723744,0.26961493546674115,-0.44563685950976084,-0.0952067699106492,1.2317425845839447,-0.027998641115256996,-0.7266744085540406,0.7624447479420658,2.141
-0.3774200313246621,-0.12618576260483452,-0.5287720126754054,0.009883949492400002,1.6996102294399897,-0.0119071011292036,-0.8058895724986155,0.6183445857234958,2.045
-0.2119685828007811,1.6944974485244135,-0.14063504640052107,-0.055262762015579274,-0.2232549018812559,-0.008578153509332897,0.96480232743892,-1.3891197431144737,2.387
-0.18831747628194825,-1.076107437976616,-0.8690190208228181,0.010848204291023783,0.022198389075419236,-0.11290572762224046,0.9182051721774085,-1.4040266564474293,1.442
0.13615444573485008,-0.5219864606764102,0.176469223705189,0.045032244966346696,-0.054007325806436586,-0.004715124812834468,-0.5822232272433491,0.14629233017991325,2.45
0.8201231868379096,-1.4719081360481916,0.29050218232874414,-0.09822878412527579,0.04169287427775444,-0.03788702811419605,-1.0155767711754304,0.9711415346034324,4.022
-0.7643946528159493,-0.7594668795193555,0.20782738408954243,0.018238750747575052,-0.6379557689127504,0.005044775629153374,0.410296179826903,-0.11706313870229577,0.782
-1.2958801925650048,1.8528177277530438,-0.5265045884737173,0.35649652221349576,-0.8559395579934077,-0.09712087412261428,1.3608781471617908,-0.9369433720148274,1.688
-0.9208108471640962,0.34877507508105626,-0.5956269300206639,0.13196368202346637,-0.6344113170577803,-0.03701461523730734,-0.8385075811816755,0.8270413723848694,1.975
-0.39650036220165313,-0.442826321062095,-0.022744730136315755,0.0020527569215395983,1.25832597349622,-0.031706441319596324,-0.12557110568050883,0.3202063190643948,0.79
-0.5274583991958204,0.7445757731526319,-0.12263041563761216,-0.27592361397117154,-0.13287137957951994,-0.03488524812169292,0.8436497237589842,-0.7630293831303528,1.152
0.9244006497366744,-0.12618576260483452,0.43910378352460766,-0.16780771279571416,2.644206648789505,-0.03262753906906929,1.1278923708542201,-1.4785612231122012,2.856
-1.1152282576043007,-0.442826321062095,-0.6574099523454576,-0.027776587753920983,2.093930498305406,0.0397561190208027,1.0906146466450095,-0.8425329209061122,1.0
-1.0338046729147454,-0.5219864606764102,-0.46288333293223705,0.41268532070430597,-0.6716280615349657,0.08504157980863057,-0.9317018917047051,1.706549259029224,0.475
-0.7138503779858142,1.0612163316098924,-0.5516404762872503,-0.1544703996936394,0.371326896789968,0.03634617128861195,-0.768611848289405,0.7276619501651668,1.565
-0.15541852137148168,1.8528177277530438,-0.1089526570950762,-0.05298110516411203,-0.09742686102981955,-0.0502883697556975,0.9834411895435285,-1.4388094542243215,3.229
-0.5023191331656901,-0.442826321062095,0.06101021578587756,0.40771673000584047,-1.0110093266483469,-0.040800220583174805,1.9014051481953562,-1.7617925764383535,0.7
0.5924347816094143,0.03213451662379574,0.31288106344202893,-0.2430390360836589,-0.2232549018812559,-0.04502678221665209,0.9415037498081642,-0.6934637875765617,1.581
0.7622444115592374,-0.9177871587479858,0.12094692781389288,-0.12546329611514628,-0.21882433706254337,-0.06986933572479011,-0.9456810382831565,0.8667931412727491,5.00001
-1.234971949709763,0.11129465623811087,-0.5803379585472774,-0.17941781083902242,0.4820910172577817,0.09286820384765522,-0.7779312793417059,0.6680342968333437,0.975
-1.055436134382532,-0.442826321062095,-0.28703480180055463,0.19599673891457114,-0.1966715129689806,-0.0706363627641039,-1.3464165735321778,1.2692798012625406,1.477
0.9253573237082223,-1.2344277172052462,0.4568236599230471,-0.1684047622445679,1.2033869697441844,0.04921689435878896,-0.7639521327632511,0.9810794768254076,1.754
-1.120755707217691,-1.076107437976616,-0.36899565485160607,-0.20125883014534796,-0.13818805736197498,0.0674628655863228,0.433594757457662,0.0866646768480902,0.633
0.140300032944893,1.8528177277530438,0.005182837906071265,-0.18895941030588675,-0.3606024112613449,-0.01111274441624992,0.9787814740173748,-1.4288715120023534,3.313
1.5328984441953677,0.190454795852426,0.2622438064466333,-0.30814327561243865,-0.3145245371467344,-0.0407577061364663,0.8762677324420443,-1.1605470720091566,3.56
-0.8640481915188972,0.34877507508105626,-0.779422484383498,-0.1152593887597806,2.1222861131451665,0.03604330796969283,-0.7406535551324954,0.7475378346091102,2.037
0.2587150112009822,0.03213451662379574,0.2836304413811079,-0.18354556311159403,-0.8789784950507129,-0.05025545608522499,1.402815586897155,-0.832594978684144,1.588
-1.1523790968327599,-1.5510682756625067,-0.1886416177331027,0.17392846549196492,0.05498456873389209,-0.030575384317384872,0.22390755878084712,-0.3704806653625296,0.604
-1.0119074686770844,1.3778568900671528,-0.4353384981575732,-0.13111836470709243,0.07890961875493985,0.08519252632678499,-0.7499729861847997,0.9214518234935846,1.106
-0.40617339902508603,0.823735912766947,-0.4080909685014644,-0.09957430139927947,-0.012360016510538637,-0.015910522946515827,0.9368440342820138,-1.2350816386739354,1.535
1.69197206624226,-0.9969472983623009,0.7117315298920068,-0.17928279090487304,0.2135987892438013,0.05214381752401541,-0.8338478656555249,0.916482852382597,2.882
-0.46033177552551485,0.26961493546674115,-0.29754847453455163,-0.045197392156018534,-0.7788477301478094,-0.042855963798333355,-0.7033758309232849,0.7475378346091102,1.99
-0.509706782168202,-0.2845060418334648,-0.6827450815344881,-0.09039098442723188,0.28626005227068707,-0.07184409526007177,-0.7080355464494353,0.6829412101662995,2.243
-0.3934708946250835,-0.20534590221914964,-0.38423899169237247,-0.03897610950805571,0.12232915397832281,-0.05018291486221166,-0.7919104259201607,0.6233135568344835,1.643
-0.19969126683257798,1.1403764712242075,-0.3434056207539456,-0.35593609896765593,-0.7407448727068815,-0.062142807590257164,0.8716080169158937,-1.324523118671663,2.674
0.0835373772996935,-0.9969472983623009,0.13234653037126115,0.04451274994798776,-0.30832174640053683,-0.034779847895047865,1.2490449745341592,-1.1754539853421124,1.268
-1.5599222087123354,0.9028960523812621,-0.3210466987143134,0.21862178464938897,-0.5830167651607148,0.06821874170164385,-0.1395502522589636,0.3003304346204514,0.436
0.14072522137669216,-1.8677088341197674,0.17892402615126457,0.03632604127405409,7.326427549204926,-0.029299936966142897,-1.1320696593292157,1.1599624368208696,1.985
0.9223810046856279,-0.6803067399050404,-0.01545368192166031,-0.377799825592407,0.2915767300531421,0.035491909656864655,-0.7592924172371006,0.7375998923871349,3.08
4.836559410721521,-0.3636661814477799,1.1807044676165492,-0.13693510496802982,0.2047376596063762,-0.010783016033753914,-0.875785305390886,0.5984687012795525,5.00001
1.5530417461518569,-0.3636661814477799,0.4069510581465946,-0.26244141195382775,-0.7194781615770612,0.009553766355682489,-0.7779312793417059,0.8220724012738818,3.25
0.3207393736896969,-1.3927479964338765,0.9327448441840425,0.20120587660797257,-0.7788477301478094,0.03826830758528456,-0.9223824606524008,1.3189695123723884,1.739
-0.3819376584125292,1.1403764712242075,-0.1745907293512593,-0.1254723587250694,-0.5449139077197869,-0.07419852375488904,1.0626563534881,-1.3543369453375744,1.416
0.36028189784702697,-1.5510682756625067,0.3873930292803644,-0.12639360032075894,-0.2711050019233514,-0.03447888580209753,-0.3259388733050194,-0.4002944920284411,1.901
-0.3400565978803035,0.5862554939240017,-0.1421908253247759,-0.03434241999083462,0.1692931410566758,-0.061627490143781716,-0.7779312793417059,0.7773516612750145,1.986
1.1564472363911116,0.03213451662379574,0.5399652020913737,0.38500911502764257,-0.8497367672472101,-0.07326414561352097,-0.9456810382831565,0.8220724012738818,5.00001
-0.7672115261766194,-1.3135878568195614,-0.12808407592550777,-0.07100245119339917,1.3912429180575965,-0.04097204850302345,-0.7919104259201607,1.3090315701504203,1.121
0.11733985762773348,-0.442826321062095,-0.31127931595851893,0.6012500790150473,0.17904038365784342,-0.11101106268017312,-0.7080355464494353,0.6382204701674392,5.00001
-0.12852535306017937,0.11129465623811087,0.2264953520485919,-0.10126013755976973,0.3527185245513753,-0.024246161074851273,-0.7825909948678598,1.3438143679273122,0.986
-0.9719929046419304,-1.076107437976616,-0.22847435140384997,0.13756054167629703,-0.23477437040990853,-0.005793563536043907,1.5938639234693615,-0.9568192564587706,0.551
-0.3117815671656538,-0.047025622990519385,0.11587730081177369,0.13988258995472191,-0.8001144412776297,-0.058377417214636684,2.455911295807373,-2.124527467540258,1.063
-0.39899834423847375,-1.3927479964338765,0.23076951852420263,0.08233146517897383,-0.6990975634109835,0.0011263040800855745,1.09527436217116,-0.31582198314169413,1.486
0.24069765140348923,-0.9969472983623009,0.31035961903344506,-0.04320198584415917,-0.030968388749131336,-0.001979558634570944,-1.215944538799941,1.169900379042838,2.134
-0.906301291928947,-0.442826321062095,-0.1179147473295444,-0.0416426127634099,-1.0287315859231971,-0.019212692681427928,1.7895719755677215,-1.2847713497837834,0.53
-0.7122027728125921,-0.7594668795193555,0.1925716185727671,0.050105460622473424,-0.418199753904608,-0.041762921956084297,2.8426676844779397,-1.55309578977698,0.942
-1.2076004444126869,0.823735912766947,-0.7965047508799125,-0.37310052461566207,-0.3650329760800574,0.08738933063785417,-0.768611848289405,0.6531273835003879,1.375
-0.2600680241480706,1.2986967504528377,-0.22937235105471654,-0.07127070129764607,-0.1390741703257175,-0.027885424183010217,-0.7359938396063449,0.6183445857234958,3.979
-0.5152342317815922,0.34877507508105626,-0.07480192591332491,-0.1267528314547334,-0.15147975181811263,0.12325966984734969,-0.7359938396063449,0.9313897657155528,1.152
-0.8391215197046665,-0.9969472983623009,-0.4758600493403008,0.06840457322089624,-0.16565755923799277,-0.016281999008874868,-0.8291881501293712,1.0059243323803315,1.161
0.2919328574352982,-0.20534590221914964,-0.12159169717302797,0.2793787738451691,-0.7212503875045463,-0.06492533867491102,-1.3091388493229672,1.1599624368208696,4.75
-1.0325291076193477,1.8528177277530438,-0.5176028490152386,-0.3006718078434287,-0.00792945169182609,0.023426027025128016,-0.7732715638155554,0.6431894412784198,1.2
3.592404910722957,-0.3636661814477799,0.3172435686019974,-0.10661022858546991,-0.6290946392753253,-0.0739092817480556,-0.9922781935446713,0.916482852382597,5.00001
0.8780019621165819,0.11129465623811087,0.11590771806113598,-0.28937308657311683,-0.15236586478185515,-0.019195893290920602,-1.3137985648491177,1.1997142057087493,1.971
-0.1110926273564104,0.7445757731526319,-0.10028930320175669,-0.1997630431513864,-0.7425170986343664,-0.04125610626557195,1.2863226987433698,-1.6176924142197835,2.444
0.04558930976161111,-0.9177871587479858,0.011935041758290315,-0.1677493163195885,-0.8222672653711923,-0.0743473469062492,1.3934961558448506,-0.951850285347783,3.313
-0.6747330422602837,0.34877507508105626,0.5541621640488941,0.32350219991913864,-0.39516081684730275,-0.05383431896874471,2.674917925536489,-0.25619432980987816,0.526
0.182340539139043,-0.047025622990519385,0.2421276145509284,-0.19344321141797735,0.10992357248592768,-0.026767466690645055,1.3981558713710012,-0.8425329209061122,1.392
-0.6310449308929112,-0.3636661814477799,-0.6573386220469225,-0.10115030161909995,2.2711530910539084,0.0035015735529987987,-0.7359938396063449,0.7475378346091102,2.046
0.7762756298086123,-1.5510682756625067,0.297259942181174,-0.06358064226929355,-0.24806606486604618,-0.002648723769834869,1.09527436217116,-1.155578100898176,1.608
-1.242891084252024,-0.442826321062095,-0.6129179948406247,-0.2540790619960007,-0.24274938708359112,-0.014957943953658372,-1.2439028319568473,2.0195944390212808,0.694
0.23798707515076922,-0.2845060418334648,0.023105155826457557,-0.28035398987974297,0.000931677945599006,-0.018917160546380558,1.3748572937402455,-0.8425329209061122,1.169
-1.218708492193442,0.5070953543096866,-0.06725971452841153,-0.04080001752906866,-0.36591908904379994,-0.050564750318683765,1.6311416476785718,-0.9717261697917264,0.63
0.730408427728269,0.9820561919955773,-0.7146022135528762,-0.4215194549998533,-1.205954178671699,-0.03715663296810816,-0.8105492880247659,0.6034376723905401,2.472
-0.8064883075640746,-0.20534590221914964,-0.20853003179228213,-0.10422093248217433,-0.8222672653711923,-0.007025204416539862,1.663759656361632,-1.7866374319932774,1.054
0.13248719551058166,0.6654156335383168,0.6580625980366995,0.207411544990546,-1.2343097935114593,-0.079205716096043,1.6125027855739666,-0.951850285347783,0.72
0.6558941550554513,-0.9969472983623009,0.12779636312444648,-0.31296273730457463,0.2942350689443697,-0.009466779141397078,-1.3603957201106325,1.3040625990394326,1.623
-1.1454166362620473,-0.6011466002907253,-0.7127734866423843,-0.0010989126639284333,-0.9046757709992457,0.012766347098489039,-0.7406535551324954,1.1599624368208696,0.821
-0.013139842380659534,1.8528177277530438,-0.0689713652887451,-0.16032508032734574,-0.0743879239725143,-0.0530457488328049,0.9694620429650738,-1.264895465339847,1.835
1.047226957972681,0.4279352146953714,0.31117527615577173,-0.1924890263688325,-0.6716280615349657,0.006484116198327765,-0.8618061588124312,0.8270413723848694,2.274
-0.8444895236561321,-0.9177871587479858,0.050328128435702925,-0.04943947816715626,1.8821494999709465,0.20969967915391372,2.865966262108699,-2.2586896875368603,1.031
-0.15541852137148168,0.5862554939240017,-0.10043496802925915,-0.23232808996925858,-0.2693327759958664,-0.012746544389736512,-0.7546327017109502,0.7326309212761544,2.273
1.138323579485669,-1.076107437976616,0.6043816926562252,-0.1699301414363953,0.09220131321107748,0.04566396250711663,-1.257881978535302,1.2344970034856415,2.383
-1.3175648025867661,-0.6011466002907253,-0.5650955096754039,-0.32744714656327384,0.04169287427775444,0.07042719878776264,0.20526869667624187,0.012130110183318466,0.465
-0.5301158268945658,-1.8677088341197674,0.13003424666679722,0.1312186261591387,-0.5528889243934695,-0.0445892723223241,-0.7965701414463112,1.2841867145954964,1.052
-0.48823476636234014,-0.8386270191336707,-0.17723575386910254,-0.12186008961823494,1.2485787308950524,0.037365185976232146,-0.8804450209170365,0.6481584123894074,3.462
-0.39070716981838843,0.26961493546674115,-0.3793332274814167,-0.16105214045366267,0.8383084286822705,0.005682853407253873,-0.7732715638155554,0.7226929790541792,1.753
0.14423302593903578,0.26961493546674115,-0.2731658952364719,-0.20820051587479202,-0.7575810190179891,-0.04426103796544243,-0.7919104259201607,0.5934997301685719,2.844
-0.06681988189531413,-0.9969472983623009,0.04957704416889383,-0.10372515354074048,0.07093460208125726,-0.0026197946824143927,-1.4442705995813578,1.2444349457076167,1.468
1.5499059814673375,-0.7594668795193555,0.6913268700472035,-0.14337382356348422,0.39879639866598576,0.019514217877737577,-0.899083883021645,0.83201034349585,2.956
-0.24162547591877842,1.1403764712242075,-0.30474799610752673,-0.22386526486798428,-0.17008812405670534,-0.06517610355242706,-0.866465874338585,0.7276619501651668,2.039
-0.0003841894266821926,0.5070953543096866,-0.3087405594391206,-0.2692587545970745,-0.8346728468635874,0.004063933968561002,0.9321843187558599,-1.240050609784916,1.621
-1.201222617935698,1.2986967504528377,-0.756216732375699,-0.33962086880428716,-0.515672179916284,-0.04977673070117156,-1.3697151511629369,1.2245590612636732,1.563
-0.81185631151554,-0.20534590221914964,5.363203837005321,4.428045651721356,-0.7540365671630191,-0.02143215386649468,0.783073421919018,0.03697496573824238,1.795
0.5045270733349205,-1.2344277172052462,-0.20831798089820838,-0.1040706964393157,0.22866270962742397,0.0011924579157060406,0.8995663100728033,-1.2251436964519602,2.22
-0.4055356163773872,0.03213451662379574,-0.4512557722102222,-0.07555533387465829,-0.0548934387701791,-0.07580617588214149,0.9321843187558599,-1.130733245343245,2.33
0.7059069443458376,-0.3636661814477799,0.08416066299653022,-0.198724152999087,0.30221008561805224,-0.01679114858984597,-0.5868829427694996,0.04691290796021053,3.013
0.23729614394909518,-1.076107437976616,0.32477331585168273,0.03262730557027225,5.421284677158529,0.013990573061404697,-0.8152090035509197,1.0804588990451032,1.38
-0.06102668951204946,-1.7885486945054523,-0.36553982504036686,-0.15527918064787125,0.2419544040835616,-0.05633319381315186,-0.9829587624923704,0.9612035923814642,2.223
-1.1458949732478214,0.4279352146953714,-0.3903079747589929,-0.0792903342843566,-0.23566048337365103,0.03652795167889452,-0.1348905367328131,0.3152373479534072,0.489
0.9920056103927543,0.6654156335383168,0.1355726829789759,-0.1494433854578248,-0.743403211598109,-0.031934384401317295,-0.8385075811816755,0.6183445857234958,3.307
-0.11332486662335642,-0.5219864606764102,0.10349579047407133,-0.18968854797515175,-0.5316222132636492,-0.028793605685816986,1.9060648637215067,-1.1257642742322647,1.266
0.8697107876964966,0.4279352146953714,0.20332948932326275,-0.11679678855757003,-0.7425170986343664,-0.05729909624812146,0.7457956977098041,-1.1655160431201443,2.647
0.6792795188044101,-0.442826321062095,0.4763405006946799,-0.28711789742686267,-0.5706111836683196,0.016800285460774025,-1.4209720219506021,1.2792177434845087,1.713
0.6647699635692607,0.9028960523812621,0.37414577276572064,-0.09792078131305068,-0.5856751040519423,-0.030269542073353434,1.0999340776973139,-1.2698644364508276,1.961
1.7155168756531434,1.8528177277530438,0.6522405286890112,-0.10422093248217433,-0.5227610836262241,-0.05457589663821876,1.346899000583336,-0.9319744009038468,2.287
-0.8823312940862649,-0.20534590221914964,-0.6083149978430823,-0.1133737744778764,-0.16477144627425028,-0.05708627244980562,-0.801229856972465,0.8270413723848694,1.45
-0.4608632610652638,-0.12618576260483452,-0.07425880516669107,0.15955101405768815,-0.4952915817502063,-0.09094527247828955,1.3748572937402455,-0.8822846897939919,1.269
0.385952649416906,0.5862554939240017,-0.08099793056290557,-0.12469180490266975,-0.2604716463584413,-0.02652509636536041,-0.843167296707826,0.7326309212761544,2.084
-0.9574833494067813,0.190454795852426,-0.4500691577878402,-0.028820488527001552,-0.3623746371888299,0.029987142104982087,-0.7732715638155554,1.095365812378059,0.762
1.3872182577501517,-1.3135878568195614,0.03511210104108813,-0.1022861853936518,0.5547522802846675,-0.07193885354947802,-0.9223824606524008,0.7972275457189579,2.854
-1.1911243926804658,-0.8386270191336707,0.002570874275994446,-0.036640467945941495,-0.39693304277478775,-0.046012084018677596,1.7895719755677215,-1.001539996457638,0.633
-0.7090138595740977,1.1403764712242075,-0.4593087188985721,-0.13623362782532733,0.10815134655844266,-0.0479988158874961,-0.7033758309232849,0.7972275457189579,1.783
-0.09589214091958743,0.4279352146953714,-0.20520742989425156,-0.06951640658180314,-0.49883603360517637,-0.08521555361083723,-0.7499729861847997,0.5984687012795525,5.00001
-0.03833225696476482,-0.20534590221914964,0.05360558705450667,-0.15037344484838233,-1.0375927155606222,-0.06397237786223793,-1.355736004584482,1.1848072923757935,1.62
-0.7090138595740977,0.34877507508105626,-0.18193637262074508,-0.5548971525183467,-0.9853120506998141,-0.030554065279949156,0.442914188509963,0.17113718573483716,1.188
-1.1408458606202052,-0.9177871587479858,-0.13435953969757633,1.000757255583778,-1.1403818193547532,-0.05770186469062291,-1.085472504067701,1.7661769123610471,0.813
-0.858520741905507,1.1403764712242075,-0.6449427140124294,0.15236704240576823,-0.5192166317712541,-0.010665199179868495,0.9834411895435285,-1.2947092920057515,1.0
-1.378898233873807,0.190454795852426,-0.6606517319410244,-0.22126063297157647,0.08245407060990988,0.05425911613280864,0.5081502058760831,-0.08724931203638425,0.564
-0.9304838839875291,1.2986967504528377,0.2714119914423466,0.07134313971970317,-0.9560703228963113,-0.04657766456857106,1.6218222166262708,-1.1456401586762008,0.62
-0.535536979400006,-1.3135878568195614,-0.4264538318083685,0.11341092883484047,1.5888461089721762,0.04339167205762209,-0.8198687190770703,0.712755036832211,1.142
-1.0536290835473854,-0.8386270191336707,0.14084177284436222,0.43107967775820105,-0.6618808189337981,-0.05587754118060206,2.418633571598163,-1.7518546342163783,0.847
0.24776640908215172,-0.5219864606764102,0.08229880967950362,-0.007983691926104486,0.9473003232225992,0.11111697887446005,0.7737539908667137,-1.1108573608993089,1.763
-0.5919807437213559,-0.6011466002907253,-0.5107153717699923,-0.2168387474998542,-0.795683876458917,-0.09071960493411096,1.2304061124295507,-1.3394300320046186,1.546
0.14779397905535466,0.5862554939240017,0.10950790009975929,-0.14912166680071376,-0.19755762593272314,-0.02443817479569702,-0.8478270122339765,0.7177240079431986,2.188
0.27046084162943634,-1.076107437976616,0.2895688943923821,-0.09957430139927947,-0.5271916484449367,0.02135249332818016,-1.1740070990645766,1.2543728879295848,1.542
0.6799173014521088,0.190454795852426,-0.1549001784096994,-0.17468892959471707,0.044351213168981975,-0.05672758016092748,0.9182051721774085,-1.4338404831133338,2.639
-0.43168470493304073,-1.630228415276822,-0.7137184710018118,-0.170010945125862,2.1444389372387294,0.18354383723497736,-0.8897644519693407,0.8419482857178252,1.6
-0.6896677859272321,-0.047025622990519385,0.007289253239942026,0.1700332168257419,-0.7628976968004442,0.08569090599986172,-0.7732715638155554,0.951265650159496,1.116
-0.819775446057801,0.5862554939240017,-0.6434946676482273,-0.15333916403085476,-0.004384999836856051,0.11054157193602343,-0.801229856972465,0.6829412101662995,0.921
0.221085834986749,-1.7885486945054523,-0.11469058072080278,-0.32445964272564465,-0.5830167651607148,-0.0043195549652401966,0.29380329167311764,-0.09221828314737186,1.042
1.4062985886271429,1.8528177277530438,0.33851038270335604,-0.02360856434253687,-0.5821306521969722,-0.04935025381682626,1.0020800516481339,-1.2996782631167392,2.737
-0.5021596875037655,0.03213451662379574,-0.3479068434490614,-0.0200887484812744,0.13473473547071793,-0.07903536654520871,0.442914188509963,-1.1406711875652205,2.171
-0.894077124514719,1.8528177277530438,-0.5118322446569807,0.07103115844328801,0.3057545374730223,0.018758032041896015,-0.899083883021645,0.6580963546113755,2.432
-0.075855136071048,-0.442826321062095,0.11686320299791758,-0.09454719703956203,0.09220131321107748,-0.004613885750145082,1.2490449745341592,-1.5332199053330366,1.635
1.8005014134590172,-1.3135878568195614,0.6030183698989892,-0.14900160338557847,3.862611973935455,-0.020630495951135724,0.9834411895435285,-1.2201747253409798,3.416
-0.5645560898703046,1.8528177277530438,-0.31584190965553577,-0.10843472428187792,1.3868123532388839,0.05802932086501209,0.9787814740173748,-1.394088714225454,2.603
1.3534689259760866,1.8528177277530438,0.317172361719108,-0.06764707614688835,-0.10008519992104709,-0.03496976362773403,-0.6893966843448301,0.7326309212761544,3.109
0.2902852522620762,0.4279352146953714,0.14053765024312348,-0.046911507710258836,-0.555547263284697,0.024390014371166013,-0.5868829427694996,0.31026837684241954,3.381
-0.8848292761230853,-0.442826321062095,-0.03506889390004924,0.3056968514966707,-0.2312299185549385,0.005623563785150351,-0.7220146930278901,1.1748693501538254,0.732
0.7797302858169816,-0.442826321062095,0.3292762731027586,-0.05980829657421639,0.3925936079197882,-0.03433110175160346,-0.9130630296000964,0.8171034301629013,2.793
-0.9853863402436066,1.1403764712242075,-0.26757147005171844,0.1720707894558893,-0.41288307612215297,-0.08253671388937349,-0.768611848289405,0.6332514990564516,1.875
0.7377960767307806,-0.047025622990519385,0.2029920111358775,-0.17965544263296587,-0.06198234248011917,-0.020463190596143276,-0.843167296707826,0.7475378346091102,2.42
2.2003911335662063,-1.2344277172052462,0.3021699486805768,-0.16239232827708208,-0.4704804187654161,-0.042193528487176266,0.7784137063928641,-1.2251436964519602,4.2
0.6441483246269972,-0.9177871587479858,0.5257461501974308,-0.25771086817162064,-0.9321452728752635,-0.011383493802957676,1.2443852590080053,-1.349367974226587,2.093
-1.075101099353247,1.3778568900671528,-0.03762546694444863,-0.10446651957390612,-0.5936501207256248,-0.06061601283342743,0.3171018693038767,-0.02265268759358066,0.672
-0.6808451259673979,-0.442826321062095,-0.7072379364555076,-0.12608205115957352,-0.046918422096496507,0.03097696357099263,-0.5775635117171953,-0.03259062981554882,2.326
0.6435636905332732,0.5070953543096866,0.03585163167928919,-0.1271913853671415,-0.6016251373993075,-0.021477107824290853,0.7923928529713189,-1.1804229564531001,2.546
0.14864435591895306,0.34877507508105626,0.07344018787041359,-0.15553072235187576,-0.11869357215963978,-0.05018996266416138,0.7551151287621084,-1.130733245343245,3.131
-0.8025553145699316,-0.7594668795193555,-0.01968598756598383,-0.10799829584548011,-0.20996320742511826,-0.05154776302258854,2.064495191610656,-1.230112667562948,0.94
-0.6016537805447886,-0.8386270191336707,0.027174284650508328,0.004313989705373696,0.1763820447666159,-0.024355622323006986,-0.7313341240801912,1.0804588990451032,1.202
-0.5560523212343197,1.7736575881387286,-0.3186044634209469,-0.2808504433503489,-0.6858058689548459,-0.07279266876551518,-0.12557110568050883,0.3003304346204514,0.721
0.9311505160914871,-1.1552675775909311,0.09506807966567857,-0.11213513200774956,5.839529996044994,-0.006582039340994175,0.8949065945466494,-1.2102367831190115,2.698
-0.6979589603473174,0.34877507508105626,-0.35506829149014824,-0.04958123935631539,-0.374780218681225,0.023724199890208818,0.9787814740173748,-1.274833407561815,0.893
0.42480424237256204,-0.3636661814477799,0.34333602089883153,-0.1405156927229936,-0.09211018324736449,-0.004116855462428309,-0.6847369688186796,0.32517529017537533,2.288
-0.8374739145314446,1.0612163316098924,-0.06313974926356371,0.05666632775994044,-0.6069418151817625,-0.06190689543249467,-0.7919104259201607,0.6332514990564516,1.892
-0.5508437629447788,-0.6803067399050404,1.0365112781518875,0.33608097297352896,-0.8585978968846353,-0.021595654327316152,-0.8851047364431902,1.2841867145954964,1.207
-0.48440807047614687,0.7445757731526319,-0.6202274085954819,-0.16773562806413617,-0.31984121492918943,-0.0960477185755837,-0.7313341240801912,0.6183445857234958,3.553
0.605562474441216,0.34877507508105626,-0.23654653073450424,-0.051511802919204465,-0.2640160982134113,-0.0953336046501081,-0.7499729861847997,0.5885307590575843,5.00001
-0.5701898365916445,0.03213451662379574,-0.6079844420619288,-0.09881801646407122,-0.23920493522862107,0.029050083868249876,-0.7313341240801912,0.7823206323860021,1.809
2.6714467674457945,-0.8386270191336707,0.6573666126157183,-0.10958070482199989,-0.7682143745828993,-0.04817484191606969,0.7970525684974694,-1.2499885520068912,5.00001
-0.6040986140276342,1.2195366108385226,-0.37981006132864914,-0.14579798026035284,-0.43060533539700313,-0.07339188564623193,1.0626563534881,-1.3593059164485621,1.403
-0.2661269593012099,0.11129465623811087,-0.529270730018999,-0.23020711054066448,-0.28173835748826154,-0.02474957415275648,-0.8524867277601302,0.83201034349585,2.019
1.5601636523844944,-0.2845060418334648,0.5827062323263321,-0.16900798140261672,0.9721114862073894,-0.04752578976688696,-0.7825909948678598,0.6084066435015277,5.00001
2.1169479038256047,0.4279352146953714,0.6187529479696771,-0.08361895244237808,0.09131520024733497,-0.034103126298531725,-0.6940563998709807,0.7624447479420658,4.548
0.1989228879792136,-0.8386270191336707,0.05103968195162759,-0.11302753209974968,2.022155348242263,-0.008637697401673855,-0.8338478656555249,0.6730032679443313,1.692
0.4380913808662886,-0.2845060418334648,0.5151835264519927,-0.11628412515853753,-0.07704626286374183,-0.006466677695675433,1.2024478192726444,-1.493468136445157,1.901
-0.7158700230368606,0.823735912766947,-0.3321370425585864,-0.05662615410452235,-0.1966715129689806,-0.1032658866558774,-1.3603957201106325,1.20468317681973,2.74
2.062789527325176,-1.7885486945054523,0.905744827943423,-0.12904851167917458,1.126295141898586,0.02404246526641367,-1.2392431164306967,1.2792177434845087,3.874
0.7115938396211524,-0.9969472983623009,8.281782501654284,5.465784648964333,-0.48111377433032615,-0.0018871212642761525,-0.6474592446094658,1.1997142057087493,2.552
-0.19554567962253533,-1.076107437976616,0.2863201832034045,0.0842660338758048,-0.17186034998419036,-0.025257544929942585,0.5454279300852936,-0.05246651425948513,1.09
-0.39070716981838843,1.536177169295783,-0.301179308430975,-0.29757471964138493,-0.8258117172261624,-0.02760513365282979,-0.6847369688186796,0.628282527945464,2.231
0.3786712975223439,-1.630228415276822,7.536966841562899,5.212763816326397,-1.0801261378202627,-0.0221700952441202,1.719676242675451,-0.305884040919726,1.984
-0.27856372093133785,-0.20534590221914964,-0.4085075983556034,-0.07733470580053374,0.1568875595642807,-0.07941312383635762,-0.6940563998709807,0.6034376723905401,2.415
-0.7950613684594698,-0.9177871587479858,-0.24353795772236647,-0.25779710689843455,-0.5954223466531099,-0.07132772284492576,1.9014051481953562,-0.9866330831246822,0.838
0.07933864153567631,0.4279352146953714,-0.11082989275307623,-0.20396869562439235,-0.35617184644263233,0.04638441398061519,-0.7546327017109502,0.8171034301629013,1.469
-0.5855497686903922,-0.5219864606764102,-0.1248763042559853,0.012530784682751447,0.39702417273850077,-0.05173342840459872,1.3748572937402455,-0.8524708631280804,1.902
-0.5930968633548289,-1.4719081360481916,-0.20350171548886928,0.1912364451250737,3.635767055217373,-0.012364596419307325,-0.908403314073946,1.671766461252332,0.95
-0.18124871860328579,-0.442826321062095,-0.010616994928238593,-0.23567317752521275,-0.22857157966371097,-0.02852195493541992,2.2835018213397724,-1.3791818008924983,1.012
0.9510812238320766,-0.9177871587479858,0.2216274395988328,-0.1940916122704187,-0.8648006876308328,-0.042524711646305766,0.7457956977098041,-1.1257642742322647,2.345
2.123485175964518,0.4279352146953714,0.8879208406603408,0.056384278573006916,-0.45984706320050595,-0.05005936532517309,0.7411359821836536,-1.205267812008024,5.00001
0.5069187582637914,1.1403764712242075,0.1647933706974163,-0.14249506676086937,-0.24895217782978868,-0.022651947903041626,0.9135454566512548,-1.3990576853364418,3.19
-0.41712200114391657,0.4279352146953714,0.04057399429698265,0.053586688133382306,-0.2409771611561061,-0.008323078214556651,-0.768611848289405,1.0804588990451032,0.983
-0.4299839512058437,-0.7594668795193555,-0.037099565066219024,-0.1625055869479423,0.4865215820764942,0.005920440941879428,0.3077824382515724,-0.09221828314737186,0.758
-0.9083209369799935,-0.442826321062095,-0.5180003150567716,0.014732599548463466,2.990676817612826,0.06342215055397478,-0.7220146930278901,0.8469172568288058,1.426
0.3871750661583288,0.190454795852426,0.028633092622738193,-0.19161842375087126,-0.6273224133478402,-0.00043855612003404547,-0.8478270122339765,0.8071654879409261,2.207
0.616776819329921,0.03213451662379574,0.23423406486609408,-0.22249484803862374,0.786913876785205,-0.04125972201454006,1.0486772069096453,-1.205267812008024,2.753
-0.6030356429481362,-0.12618576260483452,-0.27983270295324153,-0.07622400402473199,-0.06729902026257423,0.07253814076856338,0.056157799839396526,0.17610615684582479,0.598
-1.7750144066487783,1.3778568900671528,1.2760976518682214,0.7286876891267331,-1.2422848101851418,0.012162968989434005,-0.6987161153971344,0.5885307590575843,3.75
1.8201663784297322,0.26961493546674115,0.09508239095453752,-0.6239340297094073,-1.204181952744214,-0.0718938434444401,-0.6940563998709807,0.2605786657325717,1.25
0.2736497548679308,-0.20534590221914964,0.0681683155566131,-0.1647366300757523,-0.5502305855022419,-0.0298868868581129,1.2350658279557045,-1.5481268186659922,2.48
-1.5284051162052166,1.8528177277530438,-0.5527925378120372,-0.16454070368996207,-0.790367198676462,0.17054972261638113,0.5081502058760831,-0.09221828314737186,0.45
-1.2626623463306887,0.823735912766947,-0.7994865251900365,0.06709999501139663,-0.4846582261852962,-0.026777087888878285,0.7644345598144093,-0.4350772898053402,0.67
-0.9348952139674465,1.536177169295783,-0.3331992166475752,-0.04551026836500518,-0.6432724466952054,-0.06341807835535485,-0.451751192511109,0.7276619501651668,0.949
-0.5827860438836971,-0.8386270191336707,0.04476126857582367,-0.022563224481301165,-0.510355502133829,-0.00398626863527434,0.23322698983314807,-0.3704806653625296,0.853
-1.2235981591591334,-0.8386270191336707,-0.6908152434364383,-0.16222458559684189,0.13650696139820295,-0.03868599085213237,1.3282601384787307,-0.9220364586818716,1.1
-0.9670500891222642,0.9820561919955773,-0.3330288054927349,0.2123797193848061,-0.3526273945876623,-0.011759822900372745,0.9834411895435285,-1.2897403208947709,1.02
-0.06681988189531413,-0.12618576260483452,-0.4768677151889392,0.018543376825261203,0.42449367461451853,-0.08670109633275155,0.9834411895435285,-1.3294920897826505,2.428
0.6925666572981362,-0.9969472983623009,-0.07753801910829224,-0.027924943314641272,2.616737146913487,0.028141950593978424,0.9508231808604686,-1.4139645986693976,2.67
-0.3286296587756988,0.11129465623811087,-0.45932686523116073,-0.12121906761705012,-0.4757970965478711,-0.03018592934796921,-0.8291881501293712,0.6481584123894074,1.953
-0.9358518879389947,1.1403764712242075,-0.03472669572023694,0.12643660997909953,-0.3898441390648477,0.11596743590647529,0.7737539908667137,-1.1357022164542327,1.849
0.42193422045791723,1.3778568900671528,0.21244295243466696,-0.15333916403085476,-0.47934154840284116,-0.01796597764814863,0.9787814740173748,-1.2698644364508276,1.643
-0.5318697291757376,1.1403764712242075,-0.24549055100596276,0.14943691679289042,-0.6654252707887681,-0.04445821630135806,-0.5729037961910448,-0.04252857203751697,2.806
-0.20442148813634464,-1.7885486945054523,0.7689755278218169,0.4372272724364791,-0.15856865552805272,-0.04246653449430418,-0.2700222869912037,0.49412030794886924,1.372
-0.9022620018268542,0.26961493546674115,-0.7103424963437044,-0.18633100815659648,1.390356805093854,0.10144450537052432,-0.7453132706586459,0.772382690164034,1.745
-0.40665173601086024,-1.3927479964338765,-0.6430226040091279,0.006069460167348366,0.21005433738883125,-0.07694427722994863,-0.6987161153971344,0.6133756146125082,2.094
-0.5909177726418576,-1.5510682756625067,1.1890754747482657,1.137619836681845,-1.2015236138529863,-0.06440363243548101,1.575225061364756,-1.5332199053330366,1.125
1.2710886673149828,0.7445757731526319,0.02028475776333739,-0.23422518823594557,-0.9286008210202935,-0.07874599944152487,-0.7872507103940102,0.6034376723905401,3.572
-0.004795519406599457,0.26961493546674115,0.2958196442441436,0.011715066130054465,0.1675209151291908,-0.03412965248789894,-1.3370971424798768,1.3040625990394326,1.897
-0.6511350842954258,-1.1552675775909311,-0.233226117806894,-0.1887807611158313,-0.06375456840760418,-0.08894831241318911,0.5873653698206578,-1.061167649789454,1.646
-0.8132381739188874,1.2986967504528377,-0.28403065879940337,-0.01805192000641083,-0.014132242438023655,-0.003962711447258151,1.0626563534881,-1.3642748875595427,1.052
-0.06681988189531413,0.7445757731526319,0.11188040005713504,-0.26364409257642285,-0.703528128229696,-0.007380595128251097,1.0253786292788896,-1.4537163675572773,4.786
-0.6997128626284892,0.6654156335383168,-0.2618918237055739,-0.1309167216363061,-0.4731387576566436,-0.023111443539937382,1.3329198540048846,-0.917067487570891,0.703
-1.4904570486671338,0.5862554939240017,-0.9592915227540115,-0.0767074344710691,0.21802935406251384,0.04282109993601423,-0.7499729861847997,0.6879101812772871,1.375
-0.8914196968159736,-0.9177871587479858,-0.11038986570319509,0.029593047224463844,-0.2498382907935312,-0.03633284164489607,1.509989043998636,-2.030117016431543,0.953
-0.5865595912159154,-0.20534590221914964,-0.9440461278182276,-0.5838111737875946,-0.8568256709571502,-0.06110437282439189,-0.7453132706586459,0.7922585746079703,1.554
0.12881994528631321,0.5862554939240017,-0.2109154722120723,-0.11857939678008131,-0.00704333872808358,0.07461349849637666,-0.6660981067140744,0.5984687012795525,1.727
-0.3278324304660752,-1.5510682756625067,2.16244004431129,1.7433846930833639,1.2308564716202022,-0.058583493621310795,1.0160591982265885,-0.29594609869775784,1.379
0.7612345890337141,0.34877507508105626,0.09079680551232565,0.029568757924140442,-0.3357912482765546,-0.014034986514835994,-0.5682440806648943,0.2257958679556726,2.979
0.15385291420849345,0.6654156335383168,-0.09183454470332085,-0.04121129680490468,-0.34022181309526717,0.03732511992023979,0.922864887703559,-1.2201747253409798,1.582
-0.40883082672383125,1.536177169295783,-0.1735740445751904,-0.12593083139127845,-0.3437662649502372,-0.07157320985037238,1.034698060331194,-1.3344610608936383,2.292
-1.2341747214001395,0.823735912766947,-0.7800971280969721,-0.00804577911383953,-0.07350181100877179,-0.034898105167724396,-0.8804450209170365,0.7077860657212234,1.55
2.5793403234072825,-1.7885486945054523,1.17365273246661,0.004320294775111139,1.7394853128084027,0.013477257939850896,-0.6660981067140744,0.38480294350719835,4.258
-0.4654340367071057,-0.9969472983623009,12.932925472746092,13.456513541785299,-1.2210180990553217,-0.07748177864160004,1.6963776650446918,-0.36054272314056146,1.75
-0.38167191564265457,-0.3636661814477799,-0.08155846585766904,-0.17584739220662934,-0.28439669637948906,-0.06100617385546794,-0.33525830435732373,-0.4152014053613969,1.472
-0.4234998276209052,-1.630228415276822,-0.29150383218929443,-0.11296658808348366,0.15245699474556815,-0.005950045038678509,-0.801229856972465,1.179838321264806,1.142
-0.47590430184016197,0.11129465623811087,-0.22084594772008434,-0.04653029202441444,0.29334895598062716,0.02165484596192036,-0.6754175377663754,0.5984687012795525,1.915
2.1907180967427737,1.8528177277530438,0.8227308418315367,-0.10356894921672691,-0.44123869096191326,-0.04589357673662874,-0.7126952619755859,0.7326309212761544,5.00001
-1.3673649976612527,0.9820561919955773,-0.6238603212854338,-0.17969647765911148,0.26499334114086687,0.033701276173423916,-0.7732715638155554,0.6730032679443313,0.904
-0.9771483143774963,0.5070953543096866,-0.7265992708158808,-0.19535440780076338,0.8453973323922106,0.04918578111785956,-0.7965701414463112,0.6928791523882747,1.608
2.345592983025648,-0.2845060418334648,0.47887130255473,-0.4038584995012277,-0.5422555688285593,-0.007873738028242684,-0.9270421761785512,0.8220724012738818,3.724
0.08821445004948515,1.457017029681468,-0.04272928636485526,-0.06659258205539825,-0.7221365004682888,-0.04136749914724362,0.615323662977564,-1.1953298697860557,2.653
-0.5592412344728139,0.26961493546674115,-0.12945563685655018,-0.046911507710258836,-0.7301115171419713,-0.03844636667756116,1.5705653458386055,-0.8773157186830113,0.655
-0.14213138287775537,0.7445757731526319,0.080874688567606,-0.098164125709977,-0.13287137957951994,-0.002341884075534366,1.2210866813772496,-1.3344610608936383,1.342
-0.07633347305682223,-0.6803067399050404,-0.5567551548058924,-0.15208924406889324,0.40854364126715337,-0.0724764154118036,-0.6987161153971344,0.6680342968333437,3.511
-0.4833450993966489,0.823735912766947,-0.2331461219435529,-0.17071978803618706,-0.1762909148029029,-0.07356126007209356,1.3003018453218245,-1.5431578475550047,1.854
-0.31592715437569646,0.190454795852426,0.25318556715743706,-0.008955466989426049,-0.1027435388122746,-0.002964788385917169,0.5314487835068388,-0.04252857203751697,0.687
-0.9581742806084549,1.0612163316098924,-0.6098181373970842,-0.25253799395314813,-0.2905994871256866,0.10363306216046644,-0.768611848289405,0.7525068057200907,1.141
0.22384955979344426,-0.9969472983623009,0.05308210408067005,-0.17404313340077826,0.3571490893700878,0.0002211105810530502,-1.281180556166061,1.229528032374661,1.512
-0.11332486662335642,0.6654156335383168,0.05090761021216211,-0.1102317540912922,0.5795634432694577,-0.05661243705762004,-1.3510762890583314,1.2692798012625406,1.548
-0.12746238198068138,0.34877507508105626,0.09654494855319197,-0.07252326060794352,0.3323379263852976,0.03473151327133029,-0.7359938396063449,0.9214518234935846,1.351
0.7079265893968839,-1.7093885548911372,0.005852708673995388,0.004016413984136609,-1.05442886187173,-0.07219718532330761,-0.8804450209170365,0.7872896034969898,1.813
-0.11949009888444549,0.4279352146953714,-0.1592544253747198,0.07431236952110641,-0.3437662649502372,-0.029542525908450145,-0.7965701414463112,0.7823206323860021,1.732
0.6337312080479159,-0.7594668795193555,0.17278076338306908,0.07125062113428356,0.18878762625901102,-0.025080024638445855,-0.7220146930278901,0.9661725634924518,2.305
-0.8105275976661674,-1.3135878568195614,0.025478696421949693,-0.10623766037953221,-0.4846582261852962,-0.05022019143829016,1.9386828724045668,-0.9866330831246822,0.976
0.09453912797249928,0.4279352146953714,-0.001850576573001835,-0.045713103528864533,-0.07881848879122685,-0.0373068385998895,-0.7919104259201607,0.7276619501651668,2.772
0.15406550842439354,-0.3636661814477799,-0.27848389468209156,-0.10441207617043792,0.1294180576882629,-0.09240318427138107,-0.7033758309232849,0.5934997301685719,3.647
-0.46894184126944954,-1.1552675775909311,-0.052183493919096054,-0.18354556311159403,-0.4093386242671829,-0.05366009745293365,-0.5822232272433491,1.1549934657098821,1.182
-0.9234682748628417,-0.6011466002907253,-0.631656385826997,-0.07766134633393122,0.24549885593853163,-0.046127666188918684,-0.899083883021645,0.6531273835003879,2.423
-1.0086654068846153,1.6153373089100984,-0.17617553116344664,-0.2738018566192731,-0.47225264469290107,-0.0017381803781944074,-0.7779312793417059,0.6382204701674392,1.142
-0.8620285464678508,-1.7093885548911372,-0.8069093814157966,0.10662013367881074,-0.3233856667841595,-0.06245084684926729,-0.33059858883116994,-0.4201703764723845,1.625
-1.3263874625466006,0.823735912766947,-0.6643878475595217,-0.12593083139127845,0.4528492894542789,0.016354859010237414,-0.7825909948678598,0.6630653257223632,0.97
-0.025948643888611657,-0.8386270191336707,-0.2116395683266537,-0.2552494868683184,-0.29325782601691414,-0.056711719965582,0.5640667921898987,-1.215205754229992,2.76
-0.17689053717734352,0.03213451662379574,0.2482308424817541,-0.07903438855073802,0.5317133432273622,0.010424924027180524,1.4074753024233055,-0.8773157186830113,0.882
-0.44369627813136925,1.8528177277530438,-0.6183294547338708,-0.052558224328654805,-0.2852828093432316,-0.0930414192560596,0.9834411895435285,-1.4139645986693976,5.0
0.221085834986749,0.34877507508105626,-0.07760753251307889,-0.1622482887402713,-0.2870550352707166,0.08015452555843736,-0.7546327017109502,0.772382690164034,1.612
-0.6294504742736643,1.8528177277530438,-0.6393262816339422,0.06114759160645124,-0.6804891911723908,-0.11776918287107652,0.9834411895435285,-1.4040266564474293,3.667
-0.9357455908310448,1.1403764712242075,-0.4399796809373042,0.07863703086505104,0.40411307644844086,-0.027740436622739097,-0.7825909948678598,1.1102727257110148,0.967
-1.4568671625549936,-0.9177871587479858,-1.2951075489994621,-0.13380197327977664,2.2091251835919326,0.02012310235427617,-0.7453132706586459,0.6630653257223632,1.375
-0.4548574744660996,-0.2845060418334648,-0.502210757741346,-0.026179179976141456,0.6938720155922414,-0.01402136404502986,-0.7033758309232849,0.6630653257223632,2.202
-0.6381668371255488,1.1403764712242075,-0.7610439134252707,-0.11911273116911004,0.06030124651634714,-0.028660382626929097,-0.5775635117171953,-0.04749754314850458,2.479
0.12781012276079,-0.12618576260483452,0.31503110982495236,-0.20305857385465992,-0.43858035207068574,-0.04972361995000776,-1.3324374269537262,1.2841867145954964,1.772
-0.6702685637263918,1.1403764712242075,0.06273313310042189,-0.18354556311159403,-0.9924009544097542,0.005934549799188437,0.49883077482377874,-0.1419079942572197,0.813
1.9800372287862482,-1.9468689737340825,0.65084078621456,-0.1229544245865391,-0.5466861336472719,-0.014109583360563923,-1.0202364867015807,0.9810794768254076,3.108
1.9610631950172068,0.6654156335383168,0.5478101135592172,-0.13770469616494443,0.13739307436194548,-0.03792651021453189,0.8017122840236232,-1.240050609784916,5.00001
-1.4074921559123064,0.7445757731526319,-0.5096329418892361,0.18943650553757407,-0.20021596482395065,-0.015895599234603174,-0.5263066409295301,1.1450555234879138,0.641
-1.0016497977599277,-1.4719081360481916,0.04155582079724365,0.08714679660304314,-0.040715631350298945,0.06644909440945984,-1.2532222630091514,2.029532381243256,0.675
-0.09387249586854102,-0.7594668795193555,-0.6179144383896371,-0.09102697769188547,0.9517308880413117,-0.045898405236876244,0.783073421919018,-1.2102367831190115,2.715
0.9273238202052939,-0.7594668795193555,0.6388059748623768,-0.058416223202796845,-0.034512840604101376,-0.007647055652992449,0.6852193958698379,-1.0263848520125618,3.008
-0.919907321746523,-0.12618576260483452,-0.7515781084270265,-0.06250902824757032,2.1488695020574418,-0.03467467807939134,-0.6893966843448301,0.6084066435015277,1.653
2.7003595808081426,0.5070953543096866,0.43447728154641074,0.03834901175718842,-0.14616307403565756,0.07828994823857387,-0.7406535551324954,0.5785928168356163,5.00001
-0.2938173559221356,1.2195366108385226,-0.3778689651472767,-0.2675670468703873,0.0284011798216168,0.0016832439374254624,-0.7266744085540406,0.7425688634981225,2.266
-0.08898282890284977,1.1403764712242075,-0.1058973990605982,-0.20998710665473386,-0.48820267804026624,-0.000691608116521136,-0.8524867277601302,0.6879101812772871,1.752
-0.09397879297649081,-1.2344277172052462,-0.23067992806010718,-0.21050812229105195,2.506859139409416,-0.012583601169417208,1.412135017949456,-0.8723467475720237,0.933
-1.2286472717867492,0.5070953543096866,-0.3390749237108909,-0.12134784136807157,-0.11692134623215476,0.036160961963213854,0.9182051721774085,-0.7034017297985298,0.818
-1.367737037539077,-0.9177871587479858,-0.07057708974554561,0.27791200710732566,-0.43858035207068574,-0.07199909231107653,-0.009078217526723512,0.5636859035026605,0.685
-0.6993939713046399,-0.9969472983623009,-0.12351186844110862,-0.1060682184009416,0.46082430612796144,-0.0365701451336961,0.6572611027129284,-0.6089912786898147,1.202
1.2007731304061828,-1.3927479964338765,0.4190422230510997,-0.13102304252817515,0.3261351356391,-0.03281612641285058,1.0812952155927054,-1.2450195808959037,2.973
-1.281104894559981,-1.7093885548911372,-0.6974656739664647,-0.15096580410308247,2.708892895142708,0.414271380238255,1.3422392850571854,-1.086012505344385,3.1
-0.25119221563426153,-1.076107437976616,-0.06258812445498028,-0.05717558877554853,0.6672886266799661,-0.05875354902287877,1.2304061124295507,-1.4239025408913657,2.095
-0.9167184085080287,-0.9969472983623009,-0.4312451204881676,0.06119994358649356,-0.15059363885437013,-0.04493720328211582,-0.3399180198834742,-0.4152014053613969,0.675
-1.029605937150728,-0.047025622990519385,-0.6707127677010724,-0.11193099003867858,0.2614488892858968,0.003185604974334744,0.4708724816668725,-1.0164469097905937,1.232
0.009129401734825914,-0.7594668795193555,-0.17525201824770462,-0.1366441105543535,-0.2622438722859263,-0.01960357001685689,-0.7266744085540406,0.8916379968276731,1.446
-0.44220811862007203,-0.6803067399050404,-0.5766869219044819,-0.21027767306729583,-0.17983536665787295,0.09411630336218406,0.3543795935130872,-0.8524708631280804,0.766
-1.0170628784126503,-0.12618576260483452,-0.49802272355355376,0.05541782520863316,0.06207347244383216,-0.004596140235046866,-0.843167296707826,0.83201034349585,1.181
0.4161410280746523,0.5862554939240017,-0.16517940726231967,-0.30164718951744895,0.2844878263432021,0.05251388003248958,-0.7499729861847997,0.8369793146068376,1.619
0.34991792982192,1.2195366108385226,-0.002638414604907393,0.06102099244827937,0.06118735948008965,0.06023910143210343,0.9508231808604686,-1.4239025408913657,2.365
1.3224301704547419,-1.4719081360481916,0.4318975964534253,-0.02111893848944885,0.10372078173973011,0.0015195290533078884,-0.11625167462820786,0.33014426128636293,1.43
-0.5835301236393458,-0.7594668795193555,-0.304118333822837,-0.2430390360836589,-0.3792107834999376,-0.033615065806263354,0.5361084990329925,-0.06240445648146034,0.797
0.40349167222862503,0.190454795852426,0.2135699959151159,-0.058892572122505815,-0.3862996872098777,-0.007474927230742367,0.8762677324420443,-1.1754539853421124,1.962
-0.2389680482200332,-0.9969472983623009,-0.10816482326228641,0.022997814753687548,-0.4226303187233206,-0.01402136404502986,-0.9456810382831565,0.941327707937528,2.197
-0.35972156285101853,1.8528177277530438,-0.42013320874660876,-0.12212787880247888,-0.17894925369413042,-0.05426836341345719,0.9881009050696791,-1.4239025408913657,4.469
-0.9935180690017671,1.8528177277530438,-0.30368956354020443,-0.06739915433854433,-0.5927640077618824,-0.08456958515190931,1.8967454326692026,-1.1058883897883212,0.779
0.07827567045617784,0.5070953543096866,-0.08746329340214459,-0.02972637303862066,0.12055692805083779,0.03499807494336701,-0.8152090035509197,0.7624447479420658,1.577
-0.011439088653462508,-1.076107437976616,0.0956839267410808,-0.18354556311159403,-0.1116046684496997,-0.012973151314056944,0.9321843187558599,-0.6735879031326183,1.452
-1.2007974295038988,-0.9177871587479858,-0.2841276656169296,0.130805084619181,-0.6228918485291277,-0.05331170960126798,1.5472667682078465,-1.6027855008868277,0.778
1.5262548749485045,-0.9969472983623009,0.29423462292181285,-0.05681328953720008,0.3704407838262255,-0.05458029759542198,0.8809274479681947,-1.324523118671663,3.382
-0.19017767567106986,-0.2845060418334648,-0.176909002468008,0.05603084656715848,-0.5714972966320622,-0.039764116759544915,1.0812952155927054,-1.1953298697860557,1.655
-0.5698177967138203,0.11129465623811087,-0.08147311267857525,-0.16079660420290756,-0.23566048337365103,-0.020458570672194937,1.2863226987433698,-1.5481268186659922,1.523
-0.9470662328276997,0.823735912766947,-0.07212964359413769,-0.15338909196321968,-0.5777000873782597,0.0011924579157060406,-1.3697151511629369,1.249403916818597,1.025
-0.7541901304527674,-0.8386270191336707,-0.38975545299950126,-0.24314700971881675,-0.2595855333946988,-0.0808295337709176,-1.3743748666890871,1.3140005412614078,1.55
1.093306754268924,-0.3636661814477799,0.5634131899581967,-0.2197932420084812,-0.45098593356308087,-0.010293885135660768,-0.7126952619755859,0.9711415346034324,2.559
-0.6242950645380985,-1.630228415276822,-0.42123634394728876,-0.11047261525787791,0.2410682911198191,-0.07071966738618811,1.3981558713710012,-0.8673777764610361,1.307
1.8918637777418796,-1.7093885548911372,0.829920596122072,-0.0870522166583941,2.2188724261931,0.002108303673366347,0.9368440342820138,-1.1406711875652205,3.898
0.143010609197613,0.34877507508105626,0.18074088235431876,-0.16725568360733825,1.1936397271430168,0.02653937597559226,-0.7359938396063449,0.9462966790485084,1.373
0.05154194780680058,0.34877507508105626,-0.3347175201815546,-0.0792903342843566,0.2419544040835616,-0.062212618330819515,-0.7825909948678598,0.5934997301685719,3.072
-0.0907898797379966,0.4279352146953714,-0.03390562111298569,-0.02667554590425567,-0.06375456840760418,-0.04648312759161631,-0.6800772532925259,0.5438100190587171,2.275
0.63984329175503,0.5070953543096866,0.2350442231763601,0.0009510497006519605,-0.233888257446166,-0.04077159590384385,-0.6847369688186796,0.5487789901697047,2.283
-0.7462709959105065,-0.6011466002907253,-0.62706297791428,-0.09684570856001767,1.0048976658658624,0.1531839022462641,-0.7546327017109502,0.97611050571442,1.025
0.6778976564010625,-0.047025622990519385,0.2910535929727054,0.08461749266450234,-0.3606024112613449,-0.03629732008427762,1.2863226987433698,-1.6325993275527393,2.683
1.2127315550505366,1.8528177277530438,0.7617551459573215,0.20567395784342565,-1.0659483304003825,-0.017764585219695837,0.8343302927066832,-1.264895465339847,5.00001
-0.8612844667122023,-1.1552675775909311,-1.0927766053892152,0.12513942628218322,0.7124803878308341,-0.02568529421492741,-0.7406535551324954,0.6580963546113755,2.659
1.3901414282187714,-0.047025622990519385,0.5181059064834395,-0.26440834447344025,-0.419971979832093,-0.03904895694255031,0.7923928529713189,-1.205267812008024,4.119
1.195139383684843,-0.6803067399050404,0.3136648035465254,-0.10422093248217433,-0.9410064025126886,-0.0025279762745147186,-0.5775635117171953,0.35995808795227446,3.75
0.06998449603609255,0.11129465623811087,0.13088277345311441,-0.08912872726348692,0.20739599849760373,-0.046687060277303856,-0.55892464961259,0.17113718573483716,4.347
0.1350383261013773,-0.7594668795193555,0.11317992336443976,-0.09474409607954455,-0.11692134623215476,-0.022544621354439798,0.9834411895435285,-0.8773157186830113,2.228
-0.22876352585685128,0.6654156335383168,-0.22559018781930318,-0.09110592688477694,-0.2852828093432316,-0.01679918024520779,-0.7313341240801912,0.8518862279397934,1.767
-1.0095689323021886,1.8528177277530438,-0.43898694347160855,0.09409064409137513,-0.2622438722859263,0.0662046604961025,-0.7453132706586459,0.9214518234935846,1.058
-0.8162144929414823,0.4279352146953714,-0.46223027844531767,-0.10074967636062741,0.18258483551281346,-0.0381413582873749,-0.7266744085540406,0.7475378346091102,2.109
-0.7786384652812242,-0.6011466002907253,0.3995381310744942,0.1384191141489921,-0.4208580927958355,-0.005110208250180778,2.81004967579488,-1.468623280890233,0.701
0.8286801040278693,0.34877507508105626,0.3006895507054167,-0.15820575054941838,-0.41642752797712296,-0.03771628802578239,-1.2485625474830009,2.0146254679103004,1.43
-0.495622415364852,1.6153373089100984,0.20510531102662638,0.10765593108826298,-0.5076971632426015,-0.02895322007060305,1.1372118019065243,-1.3096162053387073,1.035
-0.17906962789031453,0.26961493546674115,-0.15466735503995424,-0.10173092165524199,-0.7664421486554143,-0.0483371858019141,-0.9456810382831565,0.8419482857178252,4.07
0.0527643645482234,0.26961493546674115,-0.21982186065020898,-0.18354556311159403,0.27119613188706443,0.1044556845504924,-0.7592924172371006,0.8369793146068376,1.624
-0.009419443602416084,-0.3636661814477799,0.7937797551280811,0.026021535375589325,-0.5094693891700864,-0.022001277996249853,1.3096212763741255,-1.5133440208891002,2.144
0.9140366817115678,-0.8386270191336707,0.1517304497129858,-0.22205672943300092,-0.12312413697835232,0.01592015193763949,-0.6427995290833154,0.4394616257280338,2.177
0.17559067278423016,-1.1552675775909311,0.2818498536796208,-0.18592117053929808,0.7355193248881394,-0.016874602508839664,1.304961560847975,-1.5680027031099357,2.131
-0.05353274340158778,1.457017029681468,-0.014883658494314195,-0.3176975119701715,-0.9321452728752635,-0.032203068441083414,0.9508231808604686,-1.4239025408913657,2.813
-0.1203936243020189,-1.630228415276822,-0.3183230162310052,0.24600664983829984,-0.11071855548595719,-0.11281929211296991,-1.3510762890583314,1.20468317681973,1.589
-0.38464823466524917,-0.6011466002907253,-0.35075087004037836,-0.1561785655444444,0.7302026471056844,0.17736789524870308,-0.908403314073946,0.8667931412727491,1.528
-0.769124874119716,0.4279352146953714,-0.6083970020806495,-0.12469180490266975,0.7045053711571516,-0.013431941120481268,-0.8571464432862808,0.6978481234992552,2.048
2.451836942421484,0.9028960523812621,0.5112726186275331,-0.22126063297157647,-0.2400910481923636,-0.013843095245806345,-0.7080355464494353,0.7674137190530465,5.00001
1.3925331131476422,0.6654156335383168,0.5089696056690951,-0.17226020329008898,-0.22236878891751338,-0.054370353221418324,-0.6987161153971344,0.5537479612806923,5.00001
0.17043526304866405,-1.1552675775909311,0.30175695988299783,0.10414476394161085,-0.18958260925904055,-0.054606057689231144,1.2350658279557045,-1.5381888764440241,2.581
0.9976393571140939,-0.12618576260483452,0.3522126767499155,-0.13367404134913427,-0.14439084810817254,-0.021538241110861008,0.7737539908667137,-1.2102367831190115,4.314
-0.16487896397901478,0.7445757731526319,-0.11051945608711597,-0.23846261508580768,-0.49706380767769137,-0.020689859155770013,-0.7359938396063449,1.0903968412670786,0.956
-0.03928893093631301,-0.8386270191336707,-0.5979870911079666,0.07125062113428356,-0.4855443391490387,-0.12008086760207683,-1.3324374269537262,1.1748693501538254,1.125
-0.436627520452707,0.6654156335383168,-0.1320675825731118,-0.3742563475516625,-0.5076971632426015,-0.014999557731789273,-0.7965701414463112,1.0903968412670786,1.239
-0.7754495520427297,0.5862554939240017,-0.26224876266442787,-0.18354556311159403,-0.7044142411934385,0.008498473667424344,-0.6847369688186796,0.6034376723905401,1.929
-1.0675008561348356,1.1403764712242075,-0.14791294000089922,-0.09209360799998229,0.10726523359470015,0.050815461389049875,-0.7919104259201607,0.6730032679443313,0.981
2.376631738546993,0.34877507508105626,0.9603133177937212,-0.07700737306916179,-0.884295172833168,-0.005101572525133467,-0.7872507103940102,0.8220724012738818,5.00001
-0.505295452188285,1.6153373089100984,-0.6001875997577675,-0.07256828181739358,-0.33756347420403965,-0.04579656323804253,-0.5775635117171953,-0.05246651425948513,2.469
0.748904124511536,0.03213451662379574,-0.0028175583054127675,-0.23859412143632064,0.9499586621138267,0.03026431226108511,0.9368440342820138,-1.4338404831133338,2.603
3.1497306046659688,-1.630228415276822,0.5255058993323978,0.08563801951610897,-0.927714708056551,-0.08081660847150612,-0.9503407538093103,0.8618241701617615,5.00001
0.3774488807809211,-0.9177871587479858,-0.37027906097741586,-0.3936356454452693,-0.644158559658948,-0.07669817070776234,0.9508231808604686,-1.2599264942288595,1.872
1.985086341413864,-1.1552675775909311,0.47398734280601484,-0.05805315804177115,-0.22148267595377089,-0.004693308342897197,0.7457956977098041,-1.1953298697860557,5.00001
-1.4002639525717193,1.8528177277530438,-0.7277253036746779,0.2831784264056897,-0.7017559023022111,-0.05238445663040716,1.0719757845404043,-0.8375639497951317,1.125
0.4940036596478892,-1.2344277172052462,-0.15418380971234621,-0.13103552263286422,2.743451300728666,-0.044579089753755234,0.8855871634943485,-1.1754539853421124,2.54
0.06605150304194973,0.6654156335383168,0.32574613059951213,-0.015992516782105382,-0.5458000206835294,-0.030689190592433916,1.673079087413936,-1.0462607364564982,1.014
-0.5030100643673638,0.7445757731526319,-0.4059421948370397,-0.06742525700142923,2.020383122314778,0.059964574522337874,-0.8245284346032207,0.7028170946102428,1.136
-0.27218589445434915,1.1403764712242075,-0.3832358762120127,-0.30240331584622954,-0.5413694558648168,-0.03791544866112738,-0.7592924172371006,0.6133756146125082,1.409
1.3596341582371758,-0.9969472983623009,0.43731102016702283,-0.28797630579207584,-0.34731071680520725,0.021914534388303274,0.7457956977098041,-1.1158263320102895,2.892
-0.17922907355223935,-1.1552675775909311,0.054478004096921814,-0.055570394632116465,0.1303041706520054,-0.02486447899790028,1.7056970960969962,-0.6636499609106501,1.574
-0.9102874334770652,-0.8386270191336707,-0.3882813336806991,0.03279433860500527,-0.36857742793502746,0.05871609424142736,-1.178666814590727,2.029532381243256,0.534
-1.2036143028645687,-1.2344277172052462,-0.4000883274627244,0.10078687914450804,-1.0411371674155923,0.0030731169569165615,0.99742033612198,-0.8027811520182325,0.741
0.4021629583792522,-1.076107437976616,-0.10330347113737799,-0.10802063389020695,3.416897153172973,-0.0031944489962128257,-0.7546327017109502,0.8419482857178252,1.688
-0.5504717230669546,0.9820561919955773,-0.49802103162858496,-0.18766399765894534,0.18258483551281346,0.03689738537868787,-0.801229856972465,0.6928791523882747,1.561
0.13854613066372093,-0.3636661814477799,6.520721433242031,7.421599023970039,-1.0260732470319696,-0.027977553634016862,1.6823985184662404,-0.21644256092199848,1.545
-1.2952424099173057,0.6654156335383168,-0.123678169458529,0.2663653946249961,0.08068184468242487,-0.04287989116313774,1.379517009266396,-0.9120985164599034,0.61
1.7239143471811782,-2.1051892529627128,1.3098964438746328,-0.012501828316907685,-1.0836705896752326,-0.00405281769142012,-0.8618061588124312,0.916482852382597,5.00001
0.6024267097566964,-0.9177871587479858,0.23671888739024863,-0.1465439023343764,0.4191769968320635,-0.01513494858091868,0.540768214559143,-1.0214158809015743,2.387
0.8615790589383361,-0.2845060418334648,-0.10466016087713463,-0.13127794615254929,1.0766728159290055,-0.05825455141917352,-0.8478270122339765,0.6084066435015277,3.798
-0.781508487195869,-0.9177871587479858,0.005992065980233898,0.017682360176272352,2.3863477763404344,0.044661091407288,-0.7173549775017397,1.1053037546000342,1.052
-0.8650048654904454,-0.7594668795193555,-0.3372392524588495,-0.04283298432636571,1.1147756733699334,-0.059121315936612434,-0.7080355464494353,1.169900379042838,1.145
1.8476441808347583,0.26961493546674115,0.4742127764676255,-0.08402920832195851,-0.5351666651186192,-0.04971071346639158,1.085954931118859,-1.4586853386682648,4.44
0.22549716496666627,0.9820561919955773,-0.005383633585310341,-0.05182524712019178,-0.17806314073038793,-0.09338649193097706,-0.7033758309232849,0.6183445857234958,5.00001
0.15385291420849345,-1.9468689737340825,-0.5147876739114948,-0.09688340414895277,0.21625712813502881,-0.07840408517972704,-0.9223824606524008,0.8817000546057049,1.845
0.24829789462190094,0.34877507508105626,-0.02134094404606681,0.011834711123462585,0.3172740060016749,-0.03479677524471368,0.6572611027129284,-1.2350816386739354,2.143
0.12881994528631321,0.5862554939240017,-0.20022351256824908,-0.30585616676366034,-0.8178367005524798,-0.027343128430258927,-0.6754175377663754,0.5139961923928126,1.904
-0.5694989053899708,-0.7594668795193555,-0.5496323153309347,-0.028638029712632643,0.24727108186601665,0.0031919888019741904,-0.5822232272433491,-0.04749754314850458,2.361
-0.8614970609281019,0.5070953543096866,-0.29880746337789343,-0.0610314784189693,0.3704407838262255,0.012600993025045644,-0.8105492880247659,1.070520956823135,1.133
-1.0703708780494805,1.8528177277530438,-0.4696439808924615,-0.048853405062981956,-0.4323775613244881,-0.0022533133477199195,-0.6055218048741049,0.2705166079545399,1.833
0.19514934064699513,-2.0260291133483976,0.6692181483261542,0.39314765831479603,3.897170379521413,0.010379247461812506,-0.7546327017109502,1.0655519857121545,1.473
0.11245019066204223,-0.8386270191336707,-0.002747197554183848,-0.0962166359891669,0.604374606254248,-0.032110777900089545,-1.3137985648491177,1.3438143679273122,1.469
0.18079923107377102,-0.8386270191336707,0.0883830646206996,0.0799884875350337,-0.8736618172682579,-0.05380637093391671,-0.9363616072308555,0.8071654879409261,2.113
-0.20824818402253764,1.2986967504528377,0.00027090331543082346,-0.17440036760043265,-0.2330021444824235,-0.018867905190539335,0.9415037498081642,-1.2499885520068912,1.806
-0.11465358047272903,0.4279352146953714,-0.2847438174160925,-0.07622400402473199,-0.30300506861808174,0.0008052634072215234,-0.6707578222402248,0.5835617879465967,1.846
0.6606243763592178,0.5862554939240017,-0.23204223492717693,-0.32519668923555783,-0.2852828093432316,0.01815927317880082,-0.8152090035509197,0.7574757768310783,1.681
-0.9184191622352257,-0.12618576260483452,-0.17735702520243954,-0.16052390374911274,-0.31806898900170444,0.013609553730386135,0.18197011904548283,0.24070278128862838,0.539
0.555283942380955,0.5070953543096866,-0.1111850322989346,-0.25652422329066027,-0.5883334429431698,-0.009655183433996135,-0.8058895724986155,0.7972275457189579,1.739
-0.3395782608945293,-1.630228415276822,-0.3094344688409493,-0.11232014401791102,0.015995598329221667,-0.07263611660749009,-0.7406535551324954,1.1848072923757935,1.292
0.145242848464559,1.2195366108385226,0.02161699772980428,-0.006052215391014355,-0.36414686311631494,-0.06357326967656927,-0.5729037961910448,-0.04252857203751697,4.436
-0.8293953343272589,-0.9969472983623009,-0.10291659465968478,-0.04540057974390994,1.063381121472868,0.01865361601112265,0.8995663100728033,-0.6636499609106501,1.113
5.912445588835534,1.2986967504528377,1.770247300765046,-0.01448302987823603,-0.5006082595326614,0.010392438630816885,-0.7313341240801912,0.5984687012795525,5.00001
0.16044333490138196,0.5862554939240017,-0.11487587765233981,-0.19752614935279436,-0.6344113170577803,-0.03333312750942854,-0.8198687190770703,0.628282527945464,2.366
-0.39899834423847375,0.9028960523812621,0.1488465875118169,-0.07154860937144288,-0.17451868887541788,-0.0535514785314116,1.337579569531035,-0.9369433720148274,1.306
0.06870893074069495,-1.7093885548911372,-0.17796518248615217,-0.14496167933112108,-0.24717995190230366,0.020839947234455067,0.5500876456114473,-0.9120985164599034,1.804
1.2580141230371564,-0.7594668795193555,0.35543423834410864,-0.1366228239646906,1.0624950085091254,0.057913817440021664,-0.843167296707826,0.7574757768310783,2.887
-0.6087756867774259,-0.5219864606764102,0.3346033736355735,0.08765891728358438,-0.3535135075514048,0.02105056546065008,1.5612459147863014,-0.9717261697917264,0.991
-1.50113990801609,0.5070953543096866,-0.9044896949260408,-0.13935433289935686,-0.17186034998419036,0.07847192657970381,0.5034904903499325,-0.09221828314737186,0.396
-0.062408551915396855,0.6654156335383168,0.07235515342508421,-0.07468717978959792,-0.324271779747902,-0.0467059978319739,-1.4116525908982978,1.2593418590405725,1.455
0.955333108150069,1.1403764712242075,0.1610405203119609,0.0171903603638323,-0.34908294273269225,-0.04720117552981952,-0.7919104259201607,0.5984687012795525,3.307
-0.36046564260666736,-0.3636661814477799,-0.44769162692669856,-0.054992367674214705,0.9357808546939466,-0.067110122411618,-0.7266744085540406,0.7326309212761544,2.524
-0.8681937787289399,0.11129465623811087,-0.7838974379220698,-0.03689813721985369,0.03371785760407186,0.020721523727803316,-0.7359938396063449,0.6431894412784198,2.545
-1.2144034593214745,-0.20534590221914964,-0.45123635662965245,-0.0525333407156639,0.9083113528179287,0.0064180391213035865,1.3189407074264297,-0.9319744009038468,0.786
-1.1593415574034724,1.2986967504528377,-0.1844723685114007,-0.15547684765810715,-0.8187228135162223,-0.04427609105756023,1.085954931118859,-0.8375639497951317,0.752
-1.4885437007240374,1.8528177277530438,-0.38784287767818343,-0.18354556311159403,-1.1200012211886756,0.2108136079706307,-0.1302308212066593,0.2953614635094638,0.675
0.6101332500830576,1.8528177277530438,-0.07371824374327784,-0.11869485797616776,-0.186924270367813,-0.0214088746139126,-0.6987161153971344,0.7375998923871349,2.419
-0.9027934873666035,0.9028960523812621,-0.18675486580844655,-0.09720249808492097,-0.19932985186020816,-0.050856522400758754,1.1511909484849792,-0.8276260075731564,0.982
-0.8955121354720413,0.6654156335383168,-0.6455113383215346,-0.3783915004828871,-0.8142922486975097,0.12440301335345832,-0.7499729861847997,0.9214518234935846,0.946
-0.41558069307864437,-1.7885486945054523,-0.17331022437677282,-0.11329872443655695,0.7957750064226301,-0.04953002269576548,-0.11625167462820786,0.3500201457302992,1.008
-0.31592715437569646,0.5862554939240017,-0.5470081210652844,-0.18354556311159403,-0.7770755042203243,-0.04216965694443187,0.7877331374451685,-1.1655160431201443,2.444
-0.49865188294142165,0.5070953543096866,-0.10545098939236096,-0.029021654114314385,0.4103158671946384,-0.026388678394468817,-0.8198687190770703,0.7375998923871349,2.065
-0.6351905181029539,1.8528177277530438,-0.05306641516126863,-0.08027387417895324,-0.6237779614928702,-0.03301069774132802,0.9881009050696791,-1.324523118671663,2.079
0.18701761188883465,-0.9177871587479858,-0.31514063950813326,-0.1030543937964474,0.8905890935430786,-0.05690607808239551,-0.843167296707826,0.8717621123837368,2.541
-0.5845399461648689,-0.8386270191336707,-0.5216905172087093,-0.07797554282288564,1.155536869702089,0.06365600880077776,-0.843167296707826,0.856855199050781,2.0
-1.5476980412981074,0.03213451662379574,-0.7992667695780897,0.00850354262279083,-1.0535427489079874,-0.1181984593090358,0.9368440342820138,-1.230112667562948,1.6
-0.32815132178992457,0.26961493546674115,-0.08442681539242969,-0.16009483683297376,-0.38364134831865015,-0.045103662851984916,-1.3137985648491177,1.1947452345977618,1.814
0.39615717178008814,0.4279352146953714,0.023480861026354966,-0.21848215575050864,0.10637912063095764,0.00836297068559803,-0.7313341240801912,0.7773516612750145,2.489
0.3494927413901208,-0.6011466002907253,-0.18051060534581403,-0.07661712328878642,-0.6937808856285285,-0.05971196180349566,0.7411359821836536,-1.155578100898176,2.342
-1.7750144066487783,1.3778568900671528,-0.8355221153894783,-0.09666620575556277,-1.227220889801519,-0.10161690300380152,1.0999340776973139,-1.1108573608993089,0.875
-1.2090354553700093,0.823735912766947,-0.12205866052573297,0.26523125523093916,0.08334018357365239,0.023148611802573976,-0.12557110568050883,0.305299405731439,0.488
-0.9058229549431729,1.3778568900671528,-0.8022540122665652,0.043280002309827974,-0.4642776280192185,-0.05345847724941649,0.783073421919018,-1.1357022164542327,1.906
-0.8130255797029878,0.7445757731526319,-0.7884616976696072,-0.08485366155364639,-0.38807191313736267,-0.12502615896413227,-0.8804450209170365,0.712755036832211,1.656
-0.29934480553552584,-0.20534590221914964,-0.0638961719423999,-0.16548153831479545,0.01333725943799414,-0.023155559532678664,1.589204207943211,-1.0412917653455176,1.0
-0.7817210814117685,0.190454795852426,-0.6922611163212519,0.010911681879647925,1.8927828555358566,0.04000536950758492,-0.7872507103940102,0.712755036832211,1.59
-0.16982177949868105,-0.9969472983623009,-0.7386340233868848,0.08357246102449074,-0.2232549018812559,-0.11217959160588574,-1.3417568580060273,1.239465974596629,0.735
2.9885310404600802,0.4279352146953714,0.5585863265516958,-0.10444281956085777,0.24549885593853163,-0.057136905577838196,-0.6987161153971344,0.7077860657212234,5.00001
0.05159509636077537,-1.3135878568195614,-0.18812913107292092,-0.11630478284832663,-0.5652945058858646,-0.0897145338465909,0.6479416716606241,-1.205267812008024,1.909
-0.5614203251857851,-0.3636661814477799,-0.2516077468215716,-0.14553584426833052,-0.7212503875045463,-0.045761329479849545,0.5081502058760831,-0.12203210981327632,0.811
-0.07000879513380834,-0.20534590221914964,-0.016171457949407782,-0.09082230279439486,0.16574868920170577,-0.05504739975014949,-1.3370971424798768,1.2990936279284522,1.658
-1.236088069343236,0.5862554939240017,-0.8331266306847048,-0.171422862085171,-0.3366773612402971,0.02146421292968438,-0.8711255898647355,0.712755036832211,1.0
0.750658026792708,-0.9177871587479858,0.40125500175084555,-0.20088473791654649,1.4550430514470571,0.005077895523022162,1.3515587161094897,-0.8723467475720237,1.38
-0.5960200338234485,-1.076107437976616,-0.5505946644967201,0.15276162665368803,-0.07704626286374183,-0.006466677695675433,-0.941021322757006,0.83201034349585,1.778
-0.8474126941247518,-0.9177871587479858,-0.6428651269640613,-0.16158808876887712,1.632265644195559,0.029379709781726496,-0.7825909948678598,0.7226929790541792,1.456
-1.2611210382654165,-0.6803067399050404,-0.6734595901625459,0.028440068837121975,-0.25515496857598624,-0.07279266876551518,-1.355736004584482,1.2543728879295848,1.0
-0.6837151478820427,0.03213451662379574,0.07631369319907393,-0.047302934530545175,0.3181601189654174,-0.019847415107836455,0.5314487835068388,-0.0773113698144161,0.709
0.24829789462190094,-1.5510682756625067,0.25881140095138994,-0.05637095422045986,1.0279366029231676,0.021415845085398625,-1.118090512750761,1.1649314079318502,1.739
-0.9855989344595062,-0.5219864606764102,-0.7352269531448892,-0.009962717543977203,0.21891546702625636,0.015436356301716378,-1.3930137287936926,1.2444349457076167,1.106
0.8659903889182529,0.190454795852426,-0.04140639395237892,-0.18354556311159403,-0.8213811524074498,-0.04154084176415568,-0.7220146930278901,0.6829412101662995,2.235
-0.3278324304660752,-0.8386270191336707,0.3287025931314307,0.041388663467719605,-0.20819098149763324,-0.032966407386463274,1.2397255434818548,-0.6338361342447386,1.03
-0.7206002443406273,-0.9969472983623009,-0.5368437035679479,0.007545691721372107,0.11346802434089771,-0.08925270320585149,1.402815586897155,-0.8276260075731564,1.49
-0.9809750102636895,0.7445757731526319,-0.27908859470129427,0.031097555062130057,-0.25781330746721376,-0.028476321296919963,0.5221293524545377,-0.09221828314737186,0.588
0.15571311359761553,0.9820561919955773,0.14887038424106228,-0.09840379290268356,-0.60605570221802,-0.05107105683953387,-0.8711255898647355,0.7375998923871349,2.407
-0.41733459535981615,0.7445757731526319,0.17710454973447684,-0.16349648064481767,-0.14350473514443005,-0.02868108762352235,0.2611852829900576,0.13138541684695748,0.782
1.5317823245618944,-0.6803067399050404,0.27081278582580914,-0.051576919026483224,-0.11426300734092723,-0.05989325220766299,0.783073421919018,-1.2201747253409798,4.514
0.6934701827157098,0.6654156335383168,0.0033644477914433514,-0.13053442980960878,-0.21173543335260328,-0.02178983307942571,-0.8385075811816755,0.7326309212761544,2.016
-0.19969126683257798,-0.9969472983623009,1.3872761133982932,1.1165233831921297,-0.4757970965478711,-0.037335714208494165,1.509989043998636,-0.18662873425608698,1.347
-0.3735401868844941,1.2986967504528377,-0.08679839913316574,-0.040194623474142724,0.4262659005420036,0.016860698552791077,-0.7080355464494353,0.7574757768310783,2.187
0.4465420009482987,0.5862554939240017,0.05506489344682045,-0.11695919433507368,-0.8187228135162223,0.03400789906909078,-0.8245284346032207,0.7475378346091102,1.821
-0.7823057155054925,1.3778568900671528,-0.6661506262286021,-0.028691153009408783,0.8409667675734981,0.03573940991732524,-0.7406535551324954,0.6680342968333437,1.817
0.8005113704211694,1.8528177277530438,-0.3408901003593,-0.06914007273186987,-0.7132753708308637,-0.08174895055853808,-0.7453132706586459,0.6233135568344835,4.409
-0.37327444411461946,0.7445757731526319,0.21625440694428627,-0.10111484754788996,-0.4802276613665837,-0.03727041825844853,0.9368440342820138,-1.2549575231178718,1.816
-0.38836863344349265,0.6654156335383168,-0.04058572368589046,-0.12092085471994686,-0.419971979832093,-0.07211666436690341,-0.7825909948678598,1.1003347834890467,1.691
-0.8640481915188972,0.823735912766947,-0.5912389230716323,0.3053308206846364,-0.6601085930063131,-0.09377822607006363,-0.5962023738218005,-0.04252857203751697,2.813
0.6530772816947813,-1.1552675775909311,0.6976420133276249,-0.04275072032239903,-0.37300799275374,0.0038592445304129115,-0.8338478656555249,1.1301486101549583,1.613
1.1773877666572248,-0.6803067399050404,0.6376760250804515,-0.14553584426833052,-0.09122407028362199,-0.008117239676026951,-0.9177227451262503,0.8171034301629013,2.904
-0.02648012942836089,0.34877507508105626,-0.06766038184122393,0.08183138299410124,-0.6140307188917026,0.010736802549849352,0.922864887703559,-1.2201747253409798,1.461
-1.0015966492059527,-0.9969472983623009,0.10759407742148569,0.10195509032205162,0.13384862250697543,-0.10711576459482215,-0.9037435985477955,1.1947452345977618,0.986
-1.0037757399189238,0.5070953543096866,-0.12098852207938295,-0.051419329351343385,0.9650225824974493,0.05095023356536025,1.379517009266396,-0.9220364586818716,0.609
0.22741051290976314,0.5862554939240017,-0.14232304018667896,-0.05750297212875072,-0.27199111488709393,-0.08975478414628724,-0.7033758309232849,0.6084066435015277,3.659
-1.0781305669298167,1.8528177277530438,0.01092552184384218,0.026708941121775128,-0.3162967630742194,0.05747240320100183,0.9881009050696791,-1.2947092920057515,1.37
-0.45134966990375575,1.8528177277530438,-0.3915374055543546,-0.0943220746970527,-0.000840547981886013,-0.05568399949587774,0.9881009050696791,-1.418933569780378,3.5
-0.025948643888611657,0.190454795852426,0.28679069841456484,0.24646337733744916,-0.6388418818764928,-0.05829209101739657,1.1232326553280696,-1.6077544719978154,2.707
1.9497957015745266,0.34877507508105626,0.3061259701604162,-0.11295608525981855,-0.4563026113455359,-0.03373686573510988,0.7597748442882589,-1.1804229564531001,2.83
-0.9637017302218451,-1.7885486945054523,-0.266735646094475,-0.2234749647247194,1.2273120197652323,0.11296977630024521,-1.3930137287936926,2.029532381243256,0.677
-0.623869876106299,1.2195366108385226,-0.5069018217938758,-0.023958658464699887,0.2818294874519745,0.0686494302626715,-0.7639521327632511,0.7276619501651668,1.533
1.5684548268045797,0.4279352146953714,0.4821109841378421,-0.2332392033113473,-0.6734002874624507,-0.042681049016502416,0.7923928529713189,-1.2201747253409798,5.00001
-0.6125492341096443,0.5070953543096866,-0.027033551045638374,0.02550789052635581,-0.5006082595326614,-0.013732008190844655,1.5612459147863014,-1.8661409697690368,1.154
-1.137178610395937,1.0612163316098924,-0.8870250365421051,-0.18354556311159403,-1.2369681324026869,-0.09472115318602967,0.8063719995497737,-1.1406711875652205,5.00001
0.8094934760429282,-1.630228415276822,0.5707315578213759,-0.1372728619110994,-0.5387111169735893,-0.015644891688754645,0.6479416716606241,-0.6139602498008023,1.655
-0.18640412833885164,-1.3135878568195614,0.24632015384015382,0.050317870644049835,2.21178352248316,0.028706499688615744,0.4848516282453273,-0.9617882275697583,2.017
0.6818837979491801,0.5862554939240017,0.19342701397669376,-0.21722802165577834,-0.4545303854180509,-0.026676015753431766,-0.801229856972465,0.7425688634981225,2.966
-0.8233363991741196,1.1403764712242075,-0.3538789151045012,0.035390417425604684,0.05498456873389209,-0.10277701150255608,1.3608781471617908,-0.9270054297928592,1.375
0.5500753840914147,0.4279352146953714,0.045052219439580175,-0.20579515462960202,-0.7708727134741268,0.014517615268673154,-0.8152090035509197,0.7326309212761544,2.22
-1.2294445000963727,0.34877507508105626,-0.6622561152155176,-0.09344845177941358,-0.61314460592796,0.0970828510045873,0.442914188509963,0.03697496573824238,0.558
0.4035448207825998,0.34877507508105626,0.2134207120856879,0.016276958807277735,-0.2861689223069741,-0.03972754838929917,1.304961560847975,-1.3891197431144737,2.485
-0.09238433635724358,0.6654156335383168,-0.3410570198629999,-0.44605872922334283,-0.6654252707887681,-0.054425665491891644,-1.3417568580060273,1.3090315701504203,1.386
-0.7643946528159493,0.823735912766947,-0.22202358829160734,-0.02284125960846887,-0.6299807522390678,0.03754861792998789,-0.8152090035509197,0.6680342968333437,1.019
-0.514171260702094,0.26961493546674115,0.04530126380032684,0.031097555062130057,-0.19844373889646563,-0.040208673417434546,0.99742033612198,-0.6884948164655741,1.134
-0.6491154392443793,-1.3135878568195614,0.17951462232687523,0.34859050069409697,-0.8018866672051146,-0.0732150334418537,1.118572939801919,-0.39532552091746054,1.281
0.37404737332652754,-0.047025622990519385,0.20369014716479455,-0.04100911744935541,-0.12844081476080738,-0.04859909214899901,0.7690942753405632,-1.130733245343245,2.628
1.2844289543626843,-0.12618576260483452,0.28341212388667664,-0.161782543177479,0.08688463542862243,-0.010388737671072356,-0.8058895724986155,0.8071654879409261,2.325
-0.784325360556539,0.9028960523812621,-0.6258788145438499,-0.1718502650059745,-0.9959454062647242,-0.09087544655688767,-1.3510762890583314,1.1947452345977618,2.55
-0.9249564343741389,1.2195366108385226,-0.3054486295265217,-0.14993696960807681,-0.22768546669996845,-0.007208643985490865,-0.7732715638155554,0.6531273835003879,1.058
-0.8658552423540441,0.11129465623811087,-0.06602675760755233,-0.2346988295922479,-0.36680520200754246,-0.0018218694260472396,0.45689333508841773,-0.10712519648032055,0.96
-0.8082953583992212,-0.8386270191336707,0.06698755708290664,0.34337617103328827,-0.7123892578671212,-0.06764848919026473,1.29098241426952,-0.4698600875822323,1.089
2.1267272377569872,1.8528177277530438,1.0174417071321757,-0.09257493407951714,-0.4208580927958355,-0.0392495258430672,1.0113994827004347,-1.3046472342277267,5.00001
-0.33654879331795967,1.2986967504528377,-0.2819007967324952,-0.07417699881054118,-0.44832759467185335,-0.04847077668345363,1.468051604263275,-1.6971959519955429,1.388
-0.6153661074703141,1.3778568900671528,-0.6367866419983225,-0.09389118942723762,1.0323671677418802,0.0009256076463451064,-0.7359938396063449,0.6630653257223632,1.843
-0.5126299526368218,-1.7093885548911372,2.8711969804335552e-05,-0.058152676205982086,2.3305226596246564,0.022862044737626406,-0.7220146930278901,1.070520956823135,1.217
-0.6617116465364318,0.5862554939240017,-0.23680065699019137,0.2970058822639534,-0.5750417484870322,0.020674910170746127,-0.7126952619755859,1.1400865523769264,0.664
0.03283365680763377,-0.9177871587479858,-0.0925650825920104,-0.305546362803042,-0.40668028537595535,-0.017254006297018242,2.2835018213397724,-1.4139645986693976,1.487
-0.45416654326442574,-1.1552675775909311,0.05526010373683126,0.18205080772765855,1.0243921510681975,-0.049360671725773214,1.4167947334756097,-0.832594978684144,1.129
-0.7574853407992117,-0.2845060418334648,-0.44524738903861444,-0.04647424541775204,-0.3340190223490696,-0.033168546975840804,-1.1460488059076672,1.1748693501538254,1.475
1.486127716697451,-0.20534590221914964,0.9252463345909397,-0.05072999382019017,-0.557319489212182,-0.009198003147227088,-0.8478270122339765,0.8717621123837368,2.717
1.2747559175392518,-0.6803067399050404,0.575178827251542,-0.0944437105673855,0.21891546702625636,0.051845603696588506,0.7737539908667137,-1.086012505344385,2.413
-0.5445190850217652,-0.2845060418334648,-0.7313905261737847,-0.16692929257901962,-0.07527403693625681,-0.052856792270485814,-0.8152090035509197,0.6233135568344835,2.728
0.5171764291809479,-1.8677088341197674,0.18053899808150786,0.2578136808782787,2.5742037246538465,-0.0732410126386846,-0.9736393314400661,0.9313897657155528,1.944
-0.9761384918519731,-0.047025622990519385,-0.26829399728960196,-0.13916664813783763,-0.36414686311631494,-0.031345484928372455,2.339418407653588,-1.3692438586705302,0.598
-0.2661269593012099,0.823735912766947,-0.3992620773907571,-0.117501526750448,-0.374780218681225,0.09811022180867633,-0.7499729861847997,0.712755036832211,1.26
-0.6615522008745073,0.03213451662379574,-0.11261862412270866,-0.13290856172578283,1.9255690351943295,-0.010267066687801182,1.6311416476785718,-1.7965753742152455,1.096
-0.9215017783657701,0.11129465623811087,-0.1635091716542879,-0.10839591304161726,-0.34465237791397973,-0.05803323939582475,1.6590999408354814,-0.7332155564644414,1.052
0.23979412598591604,0.4279352146953714,0.02670782321742932,-0.08655524606326623,0.21182656331631627,-0.056393267884233114,0.433594757457662,-1.1108573608993089,2.213
0.37978741715581715,-1.2344277172052462,0.4683004981748821,-0.03719798253860019,-0.7708727134741268,-0.015456905949128132,-0.12557110568050883,0.24070278128862838,0.943
-0.4089902723857561,-0.7594668795193555,0.31359189749029326,0.024358759491559488,-0.2781939056332915,-0.04261815049314423,2.7820913826379736,-1.5083750497781128,1.0
2.62047730418386,1.8528177277530438,0.5307129312638056,-0.2128778220260096,-0.49706380767769137,-0.028734814093782,-0.7406535551324954,0.6382204701674392,5.00001
-0.40165577193721896,-0.442826321062095,-0.03385622750068501,-0.049815033987650845,-1.026959359995712,-0.1294887294923872,1.0253786292788896,-1.2251436964519602,1.55
0.20365310928298,-0.6011466002907253,0.37035662470133585,-0.11613916516294935,-0.040715631350298945,0.016205305089507138,-0.7825909948678598,1.0804588990451032,1.522
-0.2744181337212952,0.11129465623811087,-0.5362483843674576,-0.07396799527515838,-0.5014943724964039,-0.043065153424972996,-0.6893966843448301,0.5885307590575843,2.022
1.1834998503643388,-0.20534590221914964,0.39883122823514444,-0.010221245186311916,-0.2143937722438308,-0.08679104089559204,-1.3137985648491177,1.1599624368208696,5.00001
0.6035959779441444,-0.8386270191336707,0.1262622274283982,0.035558959365972004,-0.2604716463584413,-0.040566425113666676,-0.8338478656555249,0.6133756146125082,3.386
0.3086746519373936,-1.8677088341197674,-0.35034118771302797,0.14817561952052505,-0.49706380767769137,-0.08750412411538436,0.7411359821836536,-1.095950447566353,1.59
0.10453105611978136,-0.2845060418334648,-0.16317489016064088,-0.0461182160211449,-0.4084525113034404,-0.04845694077225126,-0.8478270122339765,0.8618241701617615,2.314
-0.4137204936895225,-1.2344277172052462,-0.586976501237325,-0.061719541178056773,2.544075883886601,-0.06314326039070425,-0.6893966843448301,0.6481584123894074,2.519
0.6094423188813841,1.8528177277530438,-0.14279276655297715,0.17921385883113275,-0.739858759743139,0.019361163974651967,0.96480232743892,-1.40899562755841,2.619
-0.440507364892875,0.9028960523812621,-0.41867769647152836,-0.35432895736625797,-0.009701677619311108,0.004062824511708848,0.955482896386619,-1.3891197431144737,2.38
-0.6389109168811974,1.8528177277530438,-0.6372078782338472,-0.04968524892444811,-0.7983422153501446,-0.1266795806702957,-0.7732715638155554,0.5587169323916729,5.00001
0.018058358802610006,0.9820561919955773,-0.16226743475514005,-0.30110139458560525,-0.39427470388356023,-0.046868559411929925,-0.1395502522589636,0.28542352128749565,0.813
-0.14983792320411662,-1.1552675775909311,0.44779447366151237,0.419583859855895,-0.9480953062226287,-0.01855446201700424,1.6777388029400866,-0.7829052675742962,1.403
0.8037534322136386,-0.20534590221914964,0.11243759176629652,-0.33257376768518204,-0.1213519110508673,0.0011109937245645037,0.8762677324420443,-1.1853919275640805,2.25
-0.11481302613465384,0.03213451662379574,0.13806924953186483,-0.15606865792369268,-0.3118661982555069,0.004166391640511828,0.8343302927066832,-0.6388051053557262,1.456
-0.3393125181246549,0.26961493546674115,-0.40389280323693233,-0.11303478032988767,2.3898922281954045,0.058964123187442055,-0.7406535551324954,0.772382690164034,1.831
-0.31412010354054964,0.5070953543096866,0.27344266988179977,-0.04584997786807298,-0.5582056021759245,-0.01279183884167245,0.20060898115009138,0.02206805240528662,0.647
1.5419336983711018,-1.3135878568195614,0.8662752621836437,-0.027608255036666456,-0.7460615504893365,-0.04972196527262106,-1.2206042543260915,1.2692798012625406,4.0
-0.1849159688275542,1.536177169295783,-0.13061232285899704,-0.14912166680071376,-0.6840336430273608,-0.051590189703173674,0.9787814740173748,-1.4338404831133338,3.398
0.3924367730018445,-1.9468689737340825,-0.23879861513835365,0.07709250895649933,-0.880750720978198,-0.07653064073570047,-0.908403314073946,0.9065449101606288,1.954
-0.7710382220628126,0.823735912766947,0.13427335886570307,0.13747493620981155,-0.5466861336472719,-0.05826063435481956,-0.7080355464494353,1.1500244945988944,0.9
-1.1021005647724993,-0.9177871587479858,-0.18757781307609228,0.04926396480339585,-0.19046872222278305,-0.0016015941233840437,0.540768214559143,-0.04252857203751697,0.559
-0.28308134801920465,-0.6803067399050404,0.3328755493637185,0.1304323934727605,-0.000840547981886013,0.010086225730360839,1.7056970960969962,-1.7419166919944102,1.375
2.299885226607229,-0.6011466002907253,0.7697333930500512,-0.1594032842243795,0.07625127986371232,-0.022785056079462646,-0.6521189601356197,0.5239341346147808,4.454
3.105829899082697,-1.5510682756625067,1.0259904036312686,-0.22676473580647247,0.49538271171391934,0.01351061552742494,0.8529691548112884,-1.1357022164542327,5.00001
-0.8980632660628368,-1.4719081360481916,-0.3990549769495412,-0.0944602845726949,-0.3898441390648477,-0.09031703172038241,1.663759656361632,-0.7232776142424732,1.327
0.7626695999910366,0.5070953543096866,0.2854593532169623,-0.039086338416961706,-0.2604716463584413,0.010322754228679643,-0.6427995290833154,0.5587169323916729,2.271
-0.2853135872861507,0.34877507508105626,-0.2599495763380476,-0.09620408151430741,0.0842262965373949,0.06293659497481,-0.7592924172371006,0.8220724012738818,1.579
-0.6080847555757523,1.3778568900671528,-0.46114110780409473,-0.2300617062852198,-0.6503613504051455,-0.08806958714367467,1.3515587161094897,-0.9319744009038468,1.347
-0.8960436210117904,-0.047025622990519385,-0.574951489872087,-0.13896872007027963,-0.5245333095537091,-0.12430789127851151,0.96480232743892,-1.264895465339847,1.417
1.6493469259543858,-0.9177871587479858,0.4489576448884969,-0.2547709822052773,0.6593136100062836,0.006292263063493102,-0.9270421761785512,0.8121344590519137,3.307
-0.18762654508027443,-1.630228415276822,0.4754701662521982,0.26052269929876154,0.25524609853969926,0.0044215140053316315,1.314280991900276,-0.9220364586818716,0.931
-0.5961794794853733,-0.047025622990519385,-0.6833881263939667,-0.16251424893895253,1.24769261793131,0.06606706518743438,-0.7872507103940102,0.6978481234992552,1.662
0.13615444573485008,0.34877507508105626,-0.07133676740408208,-0.035498161793679525,-0.1594547684917952,-0.01456423316823064,-0.6847369688186796,0.5289031057257613,2.037
-0.3963409165397285,-0.8386270191336707,0.13305220024054232,0.5165404211643315,-0.6751725133899358,-0.04396522720173222,2.898584270791759,-2.0996826119853345,1.167
0.4544611354905596,0.5070953543096866,0.07436282497359568,-0.23493898577290817,-0.7274531782507438,-0.024889545876480935,-0.8524867277601302,0.6133756146125082,3.534
-0.8071260902117734,-0.2845060418334648,-0.6184740905319795,-0.239396578554757,-0.7788477301478094,-0.09545998352364808,-0.768611848289405,0.6034376723905401,3.406
0.9739882505952613,0.5070953543096866,0.23804739622303595,-0.1296204447526782,-0.17363257591167536,-0.010545448513918133,-0.6614383911879206,0.6680342968333437,3.295
-0.5900142472242842,-0.9177871587479858,2.625232766124141,2.7669588620967454,-1.0074648747933768,-0.06797318611943809,0.9881009050696791,0.2605786657325717,1.3
1.5896610998405667,-0.3636661814477799,0.6710502911969273,-0.16768063698571017,-0.5679528447770921,0.016675187891932543,-0.9596601848616113,0.9661725634924518,2.796
0.06605150304194973,-0.3636661814477799,-0.22075934660356542,-0.16842567495294766,-0.41642752797712296,-0.038774144305377956,0.9508231808604686,-1.274833407561815,2.026
-0.1379857956677127,-0.047025622990519385,-0.36515277954800535,0.14817561952052505,-0.5617500540308945,0.16980077426423246,-0.866465874338585,0.6779722390553189,1.313
-1.5284051162052166,0.4279352146953714,-0.20968358865604322,0.6457573934687034,-1.2015236138529863,-0.0843775284593719,-0.6800772532925259,0.5885307590575843,1.875
1.456151932255604,-0.6803067399050404,0.232918712780605,-0.023991458157361954,-0.3171828760379619,-0.08272569485283339,-0.9596601848616113,0.8618241701617615,5.00001
-0.33649564476398486,1.6944974485244135,-0.578140420390609,-0.04935899439524665,-0.06818513322631674,-0.10352991746937693,-0.7359938396063449,0.6332514990564516,4.429
2.5844957331428486,-0.9969472983623009,1.003769033838068,-0.06583804669374546,-0.1302130406882924,0.018975302478765044,-0.9177227451262503,0.9015759390496412,3.4
-0.15339887632043528,0.11129465623811087,-0.4909788508903361,-0.1702282893562898,-0.3455384908777222,-0.09283363042569066,-0.8524867277601302,0.7028170946102428,3.471
-0.586240699892066,-0.7594668795193555,-0.13307038399993532,0.0101345329050359,-0.13818805736197498,-0.034570010667312814,1.2350658279557045,-1.4288715120023534,1.868
0.7321623300094411,0.9028960523812621,-0.4995052597637498,0.033461466055232765,-0.931259159911521,-0.11085173976416558,-0.8291881501293712,0.5934997301685719,5.00001
0.31850713442275086,1.1403764712242075,0.06318389635132007,-0.3532633774815155,-0.654791915223858,-0.03751048463974812,1.0626563534881,-1.2251436964519602,2.657
1.3158928983158287,0.9028960523812621,0.17407008135349916,-0.09590743407559753,-0.7646699227279292,-0.05244328094082584,-0.768611848289405,0.5736238457246285,3.543
0.9436404262755902,0.34877507508105626,0.470108005725268,-0.08254599792410003,2.1054499668340587,-0.0340175102728053,1.0999340776973139,-1.4735922520012135,3.14
0.08571646801266475,0.6654156335383168,-0.13235350159298004,-0.12908387641079822,-0.41642752797712296,0.028012901406402127,1.2676838366387644,-0.9965710253466503,1.569
-0.11901176189867128,-0.2845060418334648,-0.23563013605490454,-0.1512948925779157,0.3536046375151178,-0.06271076908875921,1.0812952155927054,-1.3394300320046186,1.643
-1.1354778566687398,-1.3135878568195614,0.86107992676624,1.1741969518477766,-0.8851812857969105,-0.05112157221610592,2.2835018213397724,-1.6176924142197835,0.813
-0.4211612912460094,-0.3636661814477799,0.34595489585178096,0.013496819371884815,0.4820910172577817,0.3402075793204764,1.2490449745341592,-0.8971916031269477,1.625
-0.878823489523921,-0.6803067399050404,-0.09838655639250689,-0.1618257237725863,-0.028310049857903807,0.07034585807688397,0.3217615848300272,0.09660261907006543,0.529
-1.5853803660663153,1.8528177277530438,-0.36681096718167994,-0.048853405062981956,-0.7992283283138871,0.02350161801865615,1.6218222166262708,-0.9816641120136946,0.55
0.17474029592063176,0.11129465623811087,0.05491278153252641,-0.056992973205698995,-0.689350320809816,0.0403438656435652,0.6060042319252631,-1.215205754229992,2.265
0.8854959082270435,0.5862554939240017,0.13954166304245677,-0.26747985750640385,-0.18337981851284296,-0.016179731532763874,-0.6940563998709807,0.7624447479420658,3.261
-0.385870651406672,-0.20534590221914964,-0.3807155644070854,-0.025765877584380443,0.7399498897068519,-0.030139642407895992,-0.8524867277601302,0.7872896034969898,2.176
0.07290766650471261,-0.9177871587479858,-0.5051497187275061,-0.24075879844361447,-0.7301115171419713,-0.0783227237413283,0.783073421919018,-1.205267812008024,3.424
-0.17040641359240505,0.11129465623811087,-0.26954827995885006,-0.2329890998182785,0.4360131431431712,0.14637780690606655,-0.908403314073946,0.856855199050781,1.852
1.2140071203459346,0.4279352146953714,0.13444956631832675,-0.22761480235016054,-0.12755470179706488,-0.005676035973932316,-0.843167296707826,0.6133756146125082,3.412
-0.33458229682088825,0.34877507508105626,-0.5357129280915631,0.03957030972688242,0.8702084953770008,-0.0944649643383106,-0.7220146930278901,0.6382204701674392,4.357
-0.2827093081413805,0.5862554939240017,-0.32797141022235876,-0.033589412058718134,-0.6485891244776605,-0.09231236386612307,-0.7453132706586459,0.6133756146125082,5.00001
-0.13612559627859086,-1.5510682756625067,-0.48713034158570234,0.20251902145343187,-0.8444200894647551,-0.1132902542311559,-0.9736393314400661,0.9462966790485084,1.199
-0.36402659572298596,-1.076107437976616,0.07403890723049728,-0.24747565626037157,-0.41199696315841045,-0.04241754136066581,2.143710355555228,-1.2897403208947709,1.379
-1.1473831327591184,0.5862554939240017,-0.2716311581543076,-0.20359464557837037,-0.6344113170577803,-0.041942144965391275,0.8949065945466494,-0.7034017297985298,1.214
-0.2805302174284092,0.11129465623811087,-0.2625116278486176,0.04594707896094106,2.342042128153309,0.0352572254546133,0.922864887703559,-1.230112667562948,1.821
-1.1108169276243838,0.9820561919955773,-0.22107707750961417,0.11971696578264898,-0.36946354089877,-0.03410141149038922,-0.11625167462820786,0.28542352128749565,0.543
-0.9757664519741487,1.6153373089100984,-0.4352885714925591,-0.0846287044351489,-0.1966715129689806,0.03251789315032681,-1.388354013267542,1.2444349457076167,0.936
-0.09052413696812198,-0.047025622990519385,-0.48320883027612815,-0.15405072354730612,-0.14793529996314259,-0.01932974524761873,-0.8338478656555249,0.8121344590519137,1.692
-0.08675058963590375,0.190454795852426,-0.044723114886098224,-0.19730473735349938,0.2596766633584118,-0.04189534123359644,-0.6987161153971344,1.1649314079318502,0.98
0.8992613837065441,-0.9969472983623009,0.29258580190759864,-0.2369818205648852,-0.4465553687443683,0.04892106634441866,-0.7592924172371006,0.9959863901583634,1.754
2.0358432104598987,-0.8386270191336707,0.7937529864580434,-0.1133737744778764,-0.4297192224332606,-0.04280411369261276,0.5361084990329925,-0.11706313870229577,1.883
0.730408427728269,-0.2845060418334648,0.033317656590222886,-0.299180764099551,-0.7185920486133187,-0.0734147430976677,-1.3417568580060273,1.2195900901526857,2.051
0.6123123407960289,-1.1552675775909311,0.27748791518321814,0.014239522550698148,0.023084502039161743,0.002765221450169711,-1.2439028319568473,1.3487833390383,2.109
-0.2910536311154406,-0.6011466002907253,-0.44062225380104236,-0.08348913098948098,1.5631488330236434,-0.03151602214421596,-0.8291881501293712,0.6531273835003879,2.37
-1.1153345547122506,1.2986967504528377,-0.568826554116528,0.07822571796549127,0.0470095520602095,0.0029811281994660288,0.9927606205958295,-1.3145851764496947,0.975
0.0779036305783539,0.4279352146953714,-0.5265045884737173,-0.18354556311159403,0.5069021802425719,-0.007070868579212716,0.8063719995497737,-1.205267812008024,2.502
-0.37130794761754804,-1.076107437976616,0.3927031764688608,0.21517890475416487,-0.9002452061805332,-0.034508927128200646,0.857628870337439,-0.09718725425835241,1.219
2.1796100489620187,-0.9969472983623009,0.5787079198777763,-0.17384095404522898,-0.0841351665736819,-0.058830242565339495,-0.875785305390886,0.7425688634981225,5.00001
-1.1723629531273245,1.0612163316098924,-0.6672221007303648,-0.15870411297499828,0.8019777971688277,0.025709309592121976,-0.7639521327632511,0.6481584123894074,1.08
